id,school_name,state,school_type,grade_level,funding_per_student_usd,avg_test_score_percent,student_teacher_ratio,percent_low_income,percent_minority,internet_access_percent,dropout_rate_percent,digital_divide_score,resource_pressure_score,socioeconomic_risk_score,academic_health_score,equity_score,risk_category
1,Bowman High School,Michigan,Private,High,9575.8,47.1,17.5,30.0,44.0,74.1,3.59,25.900000000000006,17.5,37.0,43.510000000000005,33.37339344343566,High Risk
2,Foster High School,Michigan,Charter,Middle,16733.1,40.0,24.2,93.5,40.1,79.9,9.26,20.099999999999994,24.2,66.8,30.740000000000002,24.437328671223206,High Risk
3,Henson High School,New York,Public,Middle,24890.74,50.8,27.0,58.1,35.8,51.1,9.08,48.9,27.0,46.95,41.72,38.328160081390905,High Risk
4,Weaver High School,Texas,Private,Elementary,6857.49,40.0,26.2,82.7,72.0,55.5,13.51,44.5,26.2,77.35,26.490000000000002,0.0,High Risk
5,King Elementary School,Michigan,Public,Elementary,16910.73,40.1,20.2,41.4,16.1,57.8,6.89,42.2,20.2,28.75,33.21,25.742216928174464,High Risk
6,Olson Elementary School,Pennsylvania,Private,Elementary,14930.51,40.0,26.8,64.5,12.6,70.1,9.17,29.900000000000006,26.8,38.55,30.83,21.395612926184015,High Risk
7,Williams Middle School,Georgia,Public,Middle,15914.06,42.8,28.4,30.1,76.8,63.0,8.85,37.0,28.4,53.45,33.949999999999996,20.654717596686915,High Risk
8,Boyd High School,Georgia,Private,High,24162.52,58.2,23.4,66.2,33.9,90.4,4.35,9.599999999999994,23.4,50.05,53.85,63.9625216065514,Medium Risk
9,Fox Middle School,New York,Charter,High,6962.53,55.6,11.5,15.7,48.6,98.1,0.5,1.9000000000000057,11.5,32.15,55.1,54.61298983749642,Medium Risk
10,Garcia High School,New York,Charter,Middle,19092.17,40.0,14.9,89.3,94.3,54.9,11.97,45.1,14.9,91.8,28.03,19.19494370087248,High Risk
11,Lucero Middle School,Georgia,Private,High,6285.37,40.0,12.7,77.7,40.7,73.1,5.78,26.900000000000006,12.7,59.2,34.22,19.23899660382623,High Risk
12,Cline Middle School,Illinois,Charter,Middle,14346.55,59.8,23.7,26.2,25.4,97.5,2.34,2.5,23.7,25.799999999999997,57.459999999999994,61.09924518264451,Medium Risk
13,Smith High School,California,Public,High,22343.11,64.3,13.9,61.8,13.7,88.3,1.14,11.700000000000003,13.9,37.75,63.16,77.23482893814456,Low Risk
14,Acosta Middle School,New York,Charter,Elementary,10266.69,53.9,10.1,74.3,51.2,96.1,1.0,3.9000000000000057,10.1,62.75,52.9,52.01392280225324,Medium Risk
15,Luna Elementary School,North Carolina,Private,Middle,10802.16,40.0,28.4,63.3,64.5,65.4,9.24,34.599999999999994,28.4,63.9,30.759999999999998,10.51396264953698,High Risk
16,Mccann High School,Illinois,Private,High,13292.01,40.0,26.7,92.7,20.0,66.6,10.27,33.400000000000006,26.7,56.35,29.73,15.381555938290852,High Risk
17,Allen High School,Michigan,Charter,Elementary,23644.5,57.1,26.7,40.4,72.3,77.4,5.63,22.599999999999994,26.7,56.349999999999994,51.47,54.14752861030774,Medium Risk
18,Salinas High School,Texas,Public,Middle,18044.06,46.7,25.7,54.7,58.7,88.1,5.88,11.900000000000006,25.7,56.7,40.82,39.05506400581167,High Risk
19,Morris High School,Pennsylvania,Private,Elementary,7851.38,40.0,21.9,82.1,53.5,63.5,10.26,36.5,21.9,67.8,29.740000000000002,9.197297811539677,High Risk
20,Townsend Middle School,Pennsylvania,Public,Elementary,13440.79,47.6,16.8,75.1,19.2,85.9,6.15,14.099999999999994,16.8,47.15,41.45,40.40904730192757,Medium Risk
21,Moss Elementary School,Michigan,Charter,Elementary,17500.61,57.3,18.8,37.7,80.3,95.1,2.55,4.900000000000006,18.8,59.0,54.75,59.002611048553916,Medium Risk
22,Johnson Elementary School,Georgia,Public,Elementary,9020.39,43.0,14.0,37.6,36.4,72.4,4.37,27.599999999999994,14.0,37.0,38.63,28.793696334958142,High Risk
23,Ward Middle School,Georgia,Private,Elementary,7094.65,40.0,25.4,53.6,42.5,65.4,9.17,34.599999999999994,25.4,48.05,30.83,10.179582423615912,High Risk
24,Chan Middle School,Michigan,Private,Middle,8923.15,40.0,14.8,58.0,87.4,60.3,9.06,39.7,14.8,72.7,30.939999999999998,13.295881754523043,High Risk
25,Foley Elementary School,Texas,Private,Middle,20187.31,41.8,27.7,63.8,14.3,57.9,7.43,42.1,27.7,39.05,34.37,25.648051905694665,High Risk
26,Vang Elementary School,Illinois,Public,Middle,15223.64,44.3,18.7,34.7,39.8,54.5,6.0,45.5,18.7,37.25,38.3,27.875353271221577,High Risk
27,Johnson High School,Texas,Public,High,21981.75,42.5,25.4,93.7,49.8,59.2,9.78,40.8,25.4,71.75,32.72,24.782764677308812,High Risk
28,West Middle School,Georgia,Private,High,10043.98,40.0,13.1,91.4,23.7,68.5,8.6,31.5,13.1,57.550000000000004,31.4,20.728156234529877,High Risk
29,Gray Elementary School,Georgia,Private,High,12912.16,40.0,24.4,60.9,33.0,61.8,9.23,38.2,24.4,46.95,30.77,16.374573222008074,High Risk
30,Gonzales Elementary School,Texas,Public,Middle,23559.56,68.6,17.4,37.8,27.1,87.4,1.7,12.599999999999994,17.4,32.45,66.89999999999999,82.05506487966798,Low Risk
31,Reed High School,New York,Charter,Middle,15304.77,64.2,21.2,10.8,32.4,76.7,2.09,23.299999999999997,21.2,21.6,62.11,62.51825836947353,Medium Risk
32,Rodriguez High School,Pennsylvania,Public,High,7989.19,41.5,14.4,57.9,87.3,89.4,5.41,10.599999999999994,14.4,72.6,36.09,26.034414799345832,High Risk
33,Wilson High School,Georgia,Charter,High,19374.92,43.6,19.2,82.5,30.7,65.3,8.56,34.7,19.2,56.6,35.04,31.458274233425577,High Risk
34,Barker Middle School,North Carolina,Private,Elementary,18227.52,44.4,22.0,27.1,73.9,56.3,7.56,43.7,22.0,50.5,36.839999999999996,27.658937510574845,High Risk
35,Sanchez Elementary School,Illinois,Private,Elementary,14938.49,41.1,28.7,90.7,60.1,89.3,9.52,10.700000000000003,28.7,75.4,31.580000000000002,23.056742468718106,High Risk
36,Mendoza High School,Illinois,Public,High,13059.74,52.9,14.8,80.5,44.7,93.2,4.68,6.799999999999997,14.8,62.6,48.22,48.668625873325,Medium Risk
37,Chambers Elementary School,Georgia,Public,Elementary,17312.81,53.5,11.2,61.9,69.5,79.8,5.43,20.200000000000003,11.2,65.7,48.07,50.996917882759355,Medium Risk
38,Anderson Middle School,California,Charter,Elementary,9326.02,40.0,16.7,74.3,49.5,67.5,7.85,32.5,16.7,61.9,32.15,17.201331534122744,High Risk
39,Wallace Middle School,North Carolina,Charter,Middle,19531.96,51.7,26.0,28.1,19.7,74.8,5.16,25.200000000000003,26.0,23.9,46.540000000000006,46.97702185805713,Medium Risk
40,Morales Middle School,Georgia,Private,Middle,10648.17,40.0,19.5,93.6,10.2,65.8,10.82,34.2,19.5,51.9,29.18,16.57447202163873,High Risk
41,Rodriguez High School,Pennsylvania,Private,High,19522.7,54.9,12.0,91.1,12.1,73.1,4.99,26.900000000000006,12.0,51.599999999999994,49.91,54.63363406318062,Medium Risk
42,Harrington Middle School,California,Public,Elementary,8089.92,40.0,27.5,60.7,39.3,57.8,11.53,42.2,27.5,50.0,28.47,6.150500443240869,High Risk
43,Moore Middle School,Georgia,Charter,Middle,8623.83,40.0,13.1,93.6,19.8,67.6,9.58,32.400000000000006,13.1,56.699999999999996,30.42,18.44788403096706,High Risk
44,Nelson High School,California,Charter,High,9240.59,52.1,14.7,34.6,84.0,97.0,1.6,3.0,14.7,59.3,50.5,46.48071854327117,Medium Risk
45,Zamora High School,Pennsylvania,Private,High,5025.47,40.0,17.9,54.8,31.3,67.2,5.96,32.8,17.9,43.05,34.04,14.879003778300259,High Risk
46,Stevenson Middle School,California,Charter,High,14815.59,64.2,12.5,14.4,92.1,99.0,0.5,1.0,12.5,53.25,63.7,71.05501843347324,Low Risk
47,Bruce High School,Georgia,Charter,Elementary,7032.22,40.0,22.0,87.8,9.4,71.3,8.84,28.700000000000003,22.0,48.6,31.16,14.193654993624877,High Risk
48,Wilson Elementary School,Ohio,Public,Elementary,11139.07,41.8,19.6,66.3,15.1,72.4,7.75,27.599999999999994,19.6,40.699999999999996,34.05,24.509652294731282,High Risk
49,Lang Elementary School,California,Private,Elementary,21910.63,60.8,20.4,25.7,64.5,70.0,2.2,30.0,20.4,45.1,58.599999999999994,60.84316234784433,Medium Risk
50,Davis Elementary School,Florida,Charter,Middle,8712.23,40.0,28.5,54.1,78.7,80.1,9.12,19.900000000000006,28.5,66.4,30.880000000000003,12.844120696112197,High Risk
51,Young Middle School,Michigan,Private,Middle,10993.24,40.0,17.0,61.3,17.9,57.3,6.44,42.7,17.0,39.599999999999994,33.56,19.140528501769136,High Risk
52,Harris Elementary School,Ohio,Private,Middle,23247.72,64.5,16.2,12.1,64.6,60.8,1.73,39.2,16.2,38.349999999999994,62.77,67.30518819393156,Medium Risk
53,Anderson Middle School,North Carolina,Public,Middle,18681.54,48.2,10.0,87.7,25.6,79.9,5.85,20.099999999999994,10.0,56.650000000000006,42.35,47.886385989034956,Medium Risk
54,Pearson High School,California,Private,Middle,12555.39,40.0,28.7,79.1,50.4,76.2,13.39,23.799999999999997,28.7,64.75,26.61,14.138685972836495,High Risk
55,Petersen Middle School,New York,Private,High,21626.14,54.1,18.1,81.7,50.7,90.9,4.02,9.099999999999994,18.1,66.2,50.08,57.15453430547697,Medium Risk
56,Mann Elementary School,Texas,Private,Middle,7857.37,40.0,16.0,83.1,93.0,54.0,13.07,46.0,16.0,88.05,26.93,5.254040020880948,High Risk
57,Vincent High School,Florida,Private,Elementary,8653.6,40.0,17.2,33.1,69.6,54.9,7.17,45.1,17.2,51.349999999999994,32.83,13.526195467533123,High Risk
58,Campbell Elementary School,Pennsylvania,Charter,Middle,17500.22,63.4,13.8,43.5,93.5,88.6,2.4,11.400000000000006,13.8,68.5,61.0,65.85974309282292,Medium Risk
59,Dickerson Middle School,Ohio,Public,Middle,7090.83,40.0,12.3,79.1,73.7,63.9,9.01,36.1,12.3,76.4,30.990000000000002,13.378471653935586,High Risk
60,Williamson Middle School,Florida,Charter,High,18628.55,53.5,13.6,72.5,83.8,73.3,7.05,26.700000000000003,13.6,78.15,46.45,46.42584286953078,Medium Risk
61,King Elementary School,Illinois,Public,Elementary,11599.39,40.0,15.1,89.1,17.7,61.9,9.13,38.1,15.1,53.4,30.869999999999997,19.419489536300254,High Risk
62,Contreras Elementary School,Pennsylvania,Private,Middle,15336.22,47.5,12.6,69.2,35.4,72.5,7.5,27.5,12.6,52.3,40.0,38.942207943429494,High Risk
63,Schwartz Middle School,Illinois,Charter,Middle,9241.06,40.0,17.9,71.5,86.0,70.9,8.38,29.099999999999994,17.9,78.75,31.619999999999997,15.017618006014661,High Risk
64,Lynch High School,Illinois,Charter,Elementary,15056.81,64.1,14.7,20.4,20.0,88.9,0.5,11.099999999999994,14.7,20.2,63.599999999999994,71.01043987148877,Low Risk
65,Martin Middle School,North Carolina,Charter,Elementary,23787.56,62.6,18.4,40.8,94.8,77.9,3.02,22.099999999999994,18.4,67.8,59.58,65.60924397453546,Medium Risk
66,Rowe High School,New York,Private,High,9839.32,48.4,16.0,55.9,22.4,80.0,4.2,20.0,16.0,39.15,44.199999999999996,37.61423731603681,High Risk
67,Parker Elementary School,Ohio,Charter,Elementary,13670.08,46.0,29.4,45.6,28.8,92.9,3.93,7.099999999999994,29.4,37.2,42.07,36.23138910816921,High Risk
68,Dean Middle School,Georgia,Charter,High,10475.16,51.1,10.2,59.4,46.8,97.4,2.43,2.5999999999999943,10.2,53.099999999999994,48.67,49.91423205873161,Medium Risk
69,Hamilton Middle School,Texas,Private,Middle,6940.05,40.0,23.3,56.2,29.6,67.2,9.76,32.8,23.3,42.900000000000006,30.240000000000002,12.28801288057084,High Risk
70,Wilson Elementary School,Florida,Public,Elementary,9927.3,49.0,26.9,12.3,49.9,94.9,1.88,5.099999999999994,26.9,31.1,47.12,39.473681747476284,High Risk
71,Ward High School,Ohio,Private,Elementary,8114.34,40.0,27.3,28.6,41.3,53.0,8.04,47.0,27.3,34.95,31.96,8.27983413789747,High Risk
72,Mann Elementary School,North Carolina,Public,High,6576.76,40.0,19.3,59.5,35.1,86.9,4.29,13.099999999999994,19.3,47.3,35.71,22.865291900348023,High Risk
73,Anderson Middle School,Pennsylvania,Charter,Middle,7681.0,40.6,11.1,60.3,25.3,79.2,4.29,20.799999999999997,11.1,42.8,36.31,27.573342616380707,High Risk
74,Howard Elementary School,Illinois,Private,High,15499.02,55.6,12.0,88.6,22.4,95.7,1.9,4.299999999999997,12.0,55.5,53.7,59.51995202213312,Medium Risk
75,Powell High School,Illinois,Private,Elementary,8211.36,41.6,20.6,34.9,41.9,72.5,4.25,27.5,20.6,38.4,37.35,22.21906718373929,High Risk
76,Boyd Elementary School,Michigan,Public,High,12311.0,43.5,20.7,27.6,81.7,57.0,7.2,43.0,20.7,54.650000000000006,36.3,20.283526003299468,High Risk
77,Rios High School,Georgia,Public,Elementary,13331.98,41.8,24.3,48.2,11.6,69.7,8.38,30.299999999999997,24.3,29.900000000000002,33.419999999999995,24.60728795542453,High Risk
78,Garcia High School,Pennsylvania,Private,High,24602.03,58.7,13.5,71.2,71.6,73.5,8.98,26.5,13.5,71.4,49.72,59.90963252520228,Medium Risk
79,Scott Elementary School,North Carolina,Public,Elementary,19298.9,65.6,15.1,19.7,16.9,75.5,0.5,24.5,15.1,18.299999999999997,65.1,73.14344191543739,Low Risk
80,Moore High School,Pennsylvania,Private,High,19502.61,60.8,20.3,39.4,35.8,96.4,2.93,3.5999999999999943,20.3,37.599999999999994,57.87,67.98400048102387,Medium Risk
81,Warren High School,Georgia,Public,Middle,20087.92,46.5,16.0,76.4,39.2,50.4,9.7,49.6,16.0,57.800000000000004,36.8,31.837049953692997,High Risk
82,Mendoza High School,California,Public,Middle,6934.67,40.0,28.7,93.3,14.0,98.4,8.46,1.5999999999999943,28.7,53.65,31.54,19.08190486455788,High Risk
83,Mcdonald High School,Illinois,Public,High,23377.05,67.2,19.1,23.1,37.4,90.5,0.5,9.5,19.1,30.25,66.7,81.06540757651815,Low Risk
84,Richardson Middle School,North Carolina,Private,Middle,22787.89,59.1,10.2,80.6,37.2,82.8,4.12,17.200000000000003,10.2,58.9,54.980000000000004,67.34738902504839,Medium Risk
85,Henry Middle School,North Carolina,Private,Elementary,19248.09,40.0,25.8,75.3,11.0,66.4,9.9,33.599999999999994,25.8,43.15,30.1,24.727816074534843,High Risk
86,Nichols High School,Michigan,Charter,Middle,13328.58,62.7,10.3,18.3,46.3,87.2,0.5,12.799999999999997,10.3,32.3,62.2,67.573394245067,Medium Risk
87,Porter High School,Georgia,Private,High,17792.38,44.3,27.9,76.0,92.2,97.5,6.64,2.5,27.9,84.1,37.66,33.67925206737602,High Risk
88,Reynolds Elementary School,Texas,Private,Elementary,23875.89,64.8,14.6,30.9,83.5,78.9,0.5,21.099999999999994,14.6,57.2,64.3,73.55004325581285,Low Risk
89,Ross Middle School,Illinois,Charter,Elementary,21258.7,52.9,11.5,82.4,61.7,64.9,8.13,35.099999999999994,11.5,72.05000000000001,44.769999999999996,47.39764864177456,Medium Risk
90,Johnson Middle School,Illinois,Charter,High,12828.81,40.0,27.2,71.2,82.2,56.8,11.77,43.2,27.2,76.7,28.23,7.6630061836111345,High Risk
91,Tran Elementary School,Georgia,Private,Elementary,22304.35,65.0,11.8,31.8,9.1,59.9,0.88,40.1,11.8,20.45,64.12,71.9174021661279,Low Risk
92,Thompson High School,Pennsylvania,Private,Middle,21671.06,65.8,16.6,13.1,18.0,75.1,0.5,24.900000000000006,16.6,15.55,65.3,75.51120198174071,Low Risk
93,Floyd Middle School,Michigan,Charter,High,9254.95,53.1,16.0,19.9,9.8,90.4,0.6,9.599999999999994,16.0,14.85,52.5,51.283132149300194,Medium Risk
94,Ellis Elementary School,Illinois,Private,High,13014.56,47.3,16.2,82.8,60.7,97.5,5.82,2.5,16.2,71.75,41.48,40.66279166203786,Medium Risk
95,Clark Elementary School,Illinois,Charter,High,22655.31,52.0,26.4,11.1,82.8,75.4,3.3,24.599999999999994,26.4,46.949999999999996,48.7,48.58388236192966,Medium Risk
96,Porter Middle School,North Carolina,Charter,Middle,15320.99,40.0,12.9,80.4,80.1,63.5,10.74,36.5,12.9,80.25,29.259999999999998,21.118647574291916,High Risk
97,Barnes High School,New York,Public,Elementary,9815.54,40.0,23.8,66.9,21.4,67.9,10.65,32.099999999999994,23.8,44.150000000000006,29.35,15.000722351127367,High Risk
98,Rhodes High School,Pennsylvania,Public,Elementary,7179.17,40.0,26.9,75.2,23.3,87.0,8.76,13.0,26.9,49.25,31.240000000000002,16.924389411542204,High Risk
99,Jackson High School,Michigan,Public,Elementary,10909.43,54.0,21.9,24.7,43.5,95.9,2.41,4.099999999999994,21.9,34.1,51.59,49.31991344009767,Medium Risk
100,Richardson Elementary School,New York,Charter,High,18018.42,65.1,10.1,26.5,11.2,92.9,0.5,7.099999999999994,10.1,18.85,64.6,79.90246967870031,Low Risk
101,Robinson High School,California,Public,Middle,21416.89,53.8,18.9,54.6,63.4,77.0,6.69,23.0,18.9,59.0,47.11,51.055666637174454,Medium Risk
102,Cardenas Middle School,Pennsylvania,Public,High,22558.79,72.5,10.7,49.6,22.6,86.1,0.5,13.900000000000006,10.7,36.1,72.0,89.12886098787519,Low Risk
103,Anderson High School,Pennsylvania,Charter,Elementary,21093.21,47.5,10.4,94.5,76.1,66.3,9.5,33.7,10.4,85.3,38.0,39.265924244570314,High Risk
104,Castro Middle School,Georgia,Public,Elementary,10283.84,40.5,18.7,47.7,50.7,57.6,8.38,42.4,18.7,49.2,32.12,15.85106301615179,High Risk
105,Perez Middle School,Florida,Public,High,8959.61,40.0,27.4,47.1,14.5,74.5,5.77,25.5,27.4,30.8,34.230000000000004,18.257323144459725,High Risk
106,Dougherty High School,Florida,Private,Middle,14311.95,50.5,22.4,16.1,66.3,77.8,4.1,22.200000000000003,22.4,41.2,46.4,40.66349938758021,Medium Risk
107,Allen High School,California,Charter,High,21306.52,53.5,20.2,59.3,60.5,89.2,3.09,10.799999999999997,20.2,59.9,50.41,55.534771548704846,Medium Risk
108,Parker Elementary School,Michigan,Charter,Middle,6850.98,40.0,26.1,14.4,90.0,59.4,6.28,40.6,26.1,52.2,33.72,8.133225664577672,High Risk
109,Davis High School,North Carolina,Private,Elementary,20832.55,66.6,21.1,23.5,64.7,91.8,2.12,8.200000000000003,21.1,44.1,64.47999999999999,74.03148711590026,Low Risk
110,Matthews High School,Pennsylvania,Charter,Middle,7203.75,40.0,22.2,65.0,49.4,58.6,10.78,41.4,22.2,57.2,29.22,7.806963782344763,High Risk
111,Serrano Elementary School,Florida,Public,Middle,24516.83,56.7,11.0,85.7,63.4,65.9,8.85,34.099999999999994,11.0,74.55,47.85,55.79257831239286,Medium Risk
112,King Elementary School,New York,Public,Middle,15111.72,43.0,25.9,35.5,25.5,55.5,7.35,44.5,25.9,30.5,35.65,22.664508561605768,High Risk
113,Sandoval High School,Texas,Public,Elementary,21290.9,50.1,24.2,19.3,61.0,57.3,4.48,42.7,24.2,40.15,45.620000000000005,40.07880275097949,Medium Risk
114,Mack Middle School,North Carolina,Charter,Middle,23726.88,60.7,14.1,36.1,35.0,79.2,1.13,20.799999999999997,14.1,35.55,59.57,71.46517956281701,Low Risk
115,White High School,Michigan,Charter,High,20476.62,59.4,14.3,70.9,52.8,92.3,3.54,7.700000000000003,14.3,61.85,55.86,65.81422560429603,Medium Risk
116,Campbell High School,Michigan,Charter,High,23693.55,56.6,15.8,86.4,46.1,88.9,5.54,11.099999999999994,15.8,66.25,51.06,62.55793561645866,Medium Risk
117,Williams Elementary School,Pennsylvania,Private,Elementary,17265.5,59.8,22.8,25.2,83.8,99.9,2.64,0.09999999999999432,22.8,54.5,57.16,61.72622979063378,Medium Risk
118,Lewis High School,California,Public,Middle,8966.89,47.1,13.7,40.8,92.6,87.4,2.98,12.599999999999994,13.7,66.69999999999999,44.120000000000005,35.64340098985977,High Risk
119,Joseph Elementary School,Georgia,Public,High,23643.31,57.4,22.5,41.8,94.6,58.1,7.61,41.9,22.5,68.19999999999999,49.79,47.71459321337726,Medium Risk
120,Romero High School,Texas,Private,Middle,8508.05,40.0,18.6,49.5,14.2,69.1,4.87,30.900000000000006,18.6,31.85,35.13,21.209028219613533,High Risk
121,Acosta Elementary School,Georgia,Charter,High,22585.27,40.0,22.3,68.2,82.0,50.8,12.02,49.2,22.3,75.1,27.98,19.828829023269837,High Risk
122,Miller High School,North Carolina,Charter,High,13726.37,52.1,12.6,47.3,21.4,72.2,3.3,27.799999999999997,12.6,34.349999999999994,48.800000000000004,46.977085064454805,Medium Risk
123,Roth High School,Ohio,Public,Elementary,13895.47,44.4,21.3,35.7,84.8,66.1,5.86,33.900000000000006,21.3,60.25,38.54,25.859047515462674,High Risk
124,Hardy High School,California,Public,Middle,24831.12,56.1,17.4,81.2,80.7,63.3,8.36,36.7,17.4,80.95,47.74,50.15155946558654,Medium Risk
125,Salinas High School,Florida,Public,High,22279.35,59.6,16.1,58.7,58.7,72.7,4.64,27.299999999999997,16.1,58.7,54.96,60.246437085521436,Medium Risk
126,Lawrence High School,Ohio,Private,Elementary,23941.09,48.6,28.1,56.5,26.8,52.8,9.21,47.2,28.1,41.65,39.39,35.163164209333246,High Risk
127,Dennis Elementary School,Pennsylvania,Private,Middle,8738.09,40.0,24.9,93.7,39.8,69.5,13.45,30.5,24.9,66.75,26.55,9.284536566134891,High Risk
128,Martin High School,Illinois,Public,High,8058.53,40.0,16.5,41.7,56.6,53.2,7.33,46.8,16.5,49.150000000000006,32.67,12.884369166598955,High Risk
129,Bennett High School,North Carolina,Public,High,23776.86,52.6,20.4,45.4,11.0,55.3,5.85,44.7,20.4,28.2,46.75,48.563772841027514,Medium Risk
130,Reid High School,Florida,Charter,Elementary,24278.72,62.0,12.4,33.1,56.4,72.6,0.5,27.400000000000006,12.4,44.75,61.5,71.3981950688067,Low Risk
131,Cunningham Elementary School,Texas,Private,Middle,21151.04,50.0,20.3,77.4,94.0,87.1,6.35,12.900000000000006,20.3,85.7,43.65,45.24578609424154,Medium Risk
132,Collier Middle School,Ohio,Charter,High,8188.12,40.0,29.4,62.2,6.1,84.1,7.25,15.900000000000006,29.4,34.15,32.75,18.409820267059814,High Risk
133,Wood Middle School,Pennsylvania,Charter,High,17062.45,40.0,23.0,77.9,21.1,50.4,10.39,49.6,23.0,49.5,29.61,17.16267291562335,High Risk
134,Estes Middle School,New York,Charter,Middle,15863.7,41.7,14.9,63.9,80.4,58.3,10.36,41.7,14.9,72.15,31.340000000000003,22.159717897148536,High Risk
135,Gregory Middle School,Texas,Private,High,21222.37,63.0,15.2,11.7,28.7,84.1,0.5,15.900000000000006,15.2,20.2,62.5,74.85227598901547,Low Risk
136,Mcknight Middle School,Texas,Public,Middle,8611.18,40.0,25.8,88.2,75.8,96.2,10.66,3.799999999999997,25.8,82.0,29.34,17.0248664125628,High Risk
137,Rhodes High School,Georgia,Public,Elementary,22326.19,49.3,25.1,81.6,19.0,70.2,9.05,29.799999999999997,25.1,50.3,40.25,40.79749975470329,Medium Risk
138,Anderson Middle School,Ohio,Charter,Elementary,15356.64,42.6,26.2,86.7,28.0,76.9,9.83,23.099999999999994,26.2,57.35,32.77,24.88056101482269,High Risk
139,Bridges Middle School,California,Charter,High,6458.54,40.0,18.1,86.2,79.2,64.9,10.5,35.099999999999994,18.1,82.7,29.5,8.096485528009945,High Risk
140,Kim High School,Ohio,Private,Elementary,11620.99,57.0,25.3,55.5,68.8,98.9,4.29,1.0999999999999943,25.3,62.15,52.71,48.16408079764071,Medium Risk
141,Fisher Elementary School,Michigan,Public,Elementary,22278.46,51.8,22.2,39.9,59.0,53.4,9.35,46.6,22.2,49.45,42.449999999999996,39.633186286736404,High Risk
142,Williams Middle School,New York,Private,Elementary,20737.9,41.3,15.1,86.8,94.1,63.2,7.61,36.8,15.1,90.44999999999999,33.69,27.603573952676115,High Risk
143,Martin Middle School,North Carolina,Private,Elementary,17928.65,40.0,26.1,36.3,19.6,56.0,5.51,44.0,26.1,27.95,34.49,23.492236452211095,High Risk
144,Garcia Elementary School,Georgia,Private,Middle,19652.98,48.9,21.0,59.1,62.2,66.1,7.02,33.900000000000006,21.0,60.650000000000006,41.879999999999995,37.6375129485919,High Risk
145,Summers Elementary School,Florida,Public,Middle,17131.1,45.9,12.4,84.1,47.6,76.5,6.94,23.5,12.4,65.85,38.96,38.941949444188545,High Risk
146,Foster Elementary School,Florida,Charter,Middle,14572.64,40.0,15.5,78.9,58.9,56.9,10.73,43.1,15.5,68.9,29.27,18.03306715416274,High Risk
147,Sandoval Elementary School,Michigan,Private,Elementary,24309.49,50.7,19.9,80.9,70.5,76.6,8.7,23.400000000000006,19.9,75.7,42.0,46.67903295201932,Medium Risk
148,Sanders Middle School,California,Public,Elementary,7146.62,40.0,22.6,82.3,32.4,95.9,6.7,4.099999999999994,22.6,57.349999999999994,33.3,22.26639430783107,High Risk
149,Cooper High School,Pennsylvania,Charter,Middle,19270.47,56.5,10.5,90.9,50.4,78.7,7.08,21.299999999999997,10.5,70.65,49.42,55.53538986179906,Medium Risk
150,Cunningham High School,Florida,Private,High,12573.85,40.0,29.5,45.4,69.1,72.5,9.9,27.5,29.5,57.25,30.1,15.019032668170231,High Risk
151,Lara Elementary School,Michigan,Private,Middle,9205.86,40.2,29.3,45.0,35.5,90.1,6.36,9.900000000000006,29.3,40.25,33.84,21.529230408661746,High Risk
152,Newman High School,Illinois,Charter,Middle,23583.79,40.9,24.5,72.0,50.6,53.3,12.41,46.7,24.5,61.3,28.49,23.41859171283935,High Risk
153,Friedman Middle School,California,Charter,High,18367.64,40.0,25.6,71.0,72.6,60.9,11.49,39.1,25.6,71.8,28.509999999999998,17.233406315051873,High Risk
154,Ramos Middle School,Florida,Private,High,5445.04,40.0,18.4,58.1,41.4,65.1,6.97,34.900000000000006,18.4,49.75,33.03,12.965792341176279,High Risk
155,Miller Elementary School,California,Public,High,17055.54,49.0,23.6,74.2,82.7,99.4,7.3,0.5999999999999943,23.6,78.45,41.7,42.21319889135146,Medium Risk
156,Wells High School,Florida,Charter,Elementary,24789.13,77.3,17.3,51.4,15.0,99.5,0.5,0.5,17.3,33.2,76.8,98.82513070424012,Low Risk
157,Carr Middle School,North Carolina,Public,Middle,23950.2,71.2,11.2,27.4,80.8,89.0,0.5,11.0,11.2,54.099999999999994,70.7,87.37411533991437,Low Risk
158,Richmond Middle School,California,Charter,High,14361.85,49.6,16.2,93.3,88.8,96.5,8.63,3.5,16.2,91.05,40.97,40.75877292224222,Medium Risk
159,Hernandez High School,Pennsylvania,Public,Middle,20297.82,58.4,24.8,25.0,78.0,95.0,0.5,5.0,24.8,51.5,57.9,62.04440992927959,Medium Risk
160,Williams High School,Ohio,Charter,Middle,9745.76,40.0,10.7,74.7,44.4,56.7,6.63,43.3,10.7,59.55,33.37,18.283316997269793,High Risk
161,Vaughan Middle School,Georgia,Public,Middle,11671.8,40.0,29.8,77.7,13.8,94.5,6.58,5.5,29.8,45.75,33.42,24.51905870211118,High Risk
162,White Elementary School,Pennsylvania,Private,High,19901.98,52.4,19.5,83.1,36.1,97.0,4.9,3.0,19.5,59.599999999999994,47.5,54.90110099163482,Medium Risk
163,Kim Middle School,Ohio,Charter,Elementary,22207.53,65.4,14.9,70.8,63.5,80.7,4.0,19.299999999999997,14.9,67.15,61.400000000000006,69.85325396542358,Medium Risk
164,Benton Elementary School,Florida,Charter,Elementary,9819.27,47.2,23.2,16.4,92.9,99.8,0.5,0.20000000000000284,23.2,54.650000000000006,46.7,38.3441682390319,High Risk
165,Smith Middle School,Georgia,Public,Elementary,14711.34,64.8,11.4,25.0,71.8,94.2,0.5,5.799999999999997,11.4,48.4,64.3,71.31085309882285,Low Risk
166,Smith Elementary School,Illinois,Charter,Elementary,19639.17,43.5,20.0,53.2,47.7,55.8,7.25,44.2,20.0,50.45,36.25,29.322036220075958,High Risk
167,James Elementary School,North Carolina,Private,Middle,16003.49,40.0,27.3,66.6,83.7,56.9,14.72,43.1,27.3,75.15,25.28,10.208078130521017,High Risk
168,Griffin High School,Georgia,Public,Elementary,22878.6,63.3,14.5,48.8,29.5,74.5,4.78,25.5,14.5,39.15,58.519999999999996,69.6657030300231,Medium Risk
169,Mason Elementary School,North Carolina,Public,Elementary,11847.26,40.0,16.5,69.4,89.2,50.1,10.13,49.9,16.5,79.30000000000001,29.869999999999997,10.766186688684014,High Risk
170,Clark High School,Texas,Charter,High,15464.38,63.7,12.2,21.6,41.8,93.7,0.5,6.299999999999997,12.2,31.7,63.2,72.51253650632522,Low Risk
171,Baker Middle School,California,Private,Middle,15304.36,47.9,28.3,34.1,36.1,88.6,3.08,11.400000000000006,28.3,35.1,44.82,40.26793368821457,Medium Risk
172,Murphy Elementary School,California,Charter,High,24586.36,68.4,26.4,25.2,34.0,94.1,0.5,5.900000000000006,26.4,29.6,67.9,81.05281771005001,Low Risk
173,Copeland Elementary School,Pennsylvania,Public,High,11524.75,40.0,23.9,50.0,73.7,74.7,7.64,25.299999999999997,23.9,61.85,32.36,18.18428019896176,High Risk
174,Valencia High School,Florida,Private,Elementary,17027.39,52.0,28.5,32.2,17.9,98.8,1.36,1.2000000000000028,28.5,25.05,50.64,52.873134631374214,Medium Risk
175,Willis High School,California,Charter,Elementary,24312.09,64.1,15.4,34.0,86.1,95.7,0.5,4.299999999999997,15.4,60.05,63.599999999999994,78.17160098603954,Low Risk
176,Montgomery High School,North Carolina,Private,Middle,12007.89,40.0,26.0,26.3,68.9,58.0,5.96,42.0,26.0,47.6,34.04,14.461024200094938,High Risk
177,Wang Elementary School,Georgia,Public,Elementary,21233.23,67.1,16.6,22.0,69.9,73.1,0.54,26.900000000000006,16.6,45.95,66.55999999999999,71.67429662927401,Low Risk
178,Gardner Middle School,Georgia,Private,Elementary,22529.03,50.7,25.6,36.7,65.4,57.9,7.68,42.1,25.6,51.050000000000004,43.02,38.70012546566226,High Risk
179,Keller Middle School,Michigan,Public,Elementary,11432.46,40.0,18.4,78.0,65.2,66.1,10.05,33.900000000000006,18.4,71.6,29.95,15.841652848952176,High Risk
180,Reese Middle School,North Carolina,Private,Elementary,20022.97,56.7,20.0,41.0,67.3,78.3,4.63,21.700000000000003,20.0,54.15,52.07,54.403167500732934,Medium Risk
181,Ali Elementary School,Michigan,Public,Elementary,14364.22,44.8,16.9,93.4,7.9,63.9,7.56,36.1,16.9,50.650000000000006,37.239999999999995,29.23936036758146,High Risk
182,Flores High School,New York,Public,Elementary,11239.13,40.0,28.4,79.5,26.7,54.6,13.14,45.4,28.4,53.1,26.86,7.015930539540876,High Risk
183,Davidson Elementary School,North Carolina,Charter,Elementary,19037.35,46.2,22.4,74.0,46.1,77.7,6.98,22.299999999999997,22.4,60.05,39.22,36.93524856946628,High Risk
184,Chung Middle School,Ohio,Charter,High,10080.98,47.4,28.1,14.1,19.5,70.0,5.16,30.0,28.1,16.8,42.239999999999995,28.86358708913511,High Risk
185,Fleming Elementary School,Georgia,Charter,High,13012.56,54.2,18.8,28.6,58.4,85.9,2.2,14.099999999999994,18.8,43.5,52.0,49.11692465495047,Medium Risk
186,Howard Elementary School,Texas,Private,Middle,9283.35,48.0,28.3,20.1,55.2,79.6,2.96,20.400000000000006,28.3,37.650000000000006,45.04,29.991216327054325,High Risk
187,Mcneil Middle School,Georgia,Charter,Elementary,18360.27,43.8,17.1,90.5,12.0,58.5,9.29,41.5,17.1,51.25,34.51,29.795159048514314,High Risk
188,Riggs Middle School,California,Private,High,9145.94,40.0,21.4,85.4,74.3,81.2,9.92,18.799999999999997,21.4,79.85,30.08,15.613696685022528,High Risk
189,Rivera Middle School,Georgia,Public,Elementary,19936.86,40.0,29.7,90.7,38.3,82.7,11.43,17.299999999999997,29.7,64.5,28.57,25.283743346789823,High Risk
190,Hansen Middle School,New York,Charter,High,15596.42,54.9,15.1,83.5,25.5,81.4,5.41,18.599999999999994,15.1,54.5,49.489999999999995,50.581638632440324,Medium Risk
191,Johnson Elementary School,Michigan,Private,High,19153.5,63.9,23.5,23.2,82.2,85.5,4.1,14.5,23.5,52.7,59.8,63.12513834522537,Medium Risk
192,Harris Middle School,Texas,Public,High,21107.26,50.8,19.7,86.5,68.0,87.3,8.62,12.700000000000003,19.7,77.25,42.18,46.74170078673581,Medium Risk
193,Moreno Middle School,California,Charter,Elementary,24558.03,53.2,16.7,92.0,62.3,79.9,7.33,20.099999999999994,16.7,77.15,45.870000000000005,53.43902269555765,Medium Risk
194,Hughes Elementary School,Florida,Charter,Elementary,5940.64,49.3,13.7,53.4,39.4,87.1,4.06,12.900000000000006,13.7,46.4,45.239999999999995,37.05252042274013,High Risk
195,Rodriguez High School,Florida,Public,Elementary,23919.94,48.2,28.3,19.3,36.7,50.7,9.37,49.3,28.3,28.0,38.830000000000005,35.622538575410964,High Risk
196,Whitaker High School,Georgia,Public,High,11915.53,40.0,29.9,55.9,60.4,79.1,11.1,20.900000000000006,29.9,58.15,28.9,15.6519567683462,High Risk
197,Peterson Elementary School,Florida,Public,Middle,17941.97,54.5,20.7,19.0,54.1,60.9,2.73,39.1,20.7,36.55,51.77,46.144565501997434,Medium Risk
198,Herrera Middle School,Illinois,Public,Elementary,16233.73,44.5,26.4,40.4,43.4,71.2,5.69,28.799999999999997,26.4,41.9,38.81,30.127952228372255,High Risk
199,Morris Middle School,North Carolina,Private,Middle,14673.39,46.9,11.9,59.1,82.0,69.1,7.93,30.900000000000006,11.9,70.55,38.97,33.94430200239397,High Risk
200,Rodriguez Middle School,Georgia,Public,Middle,24699.08,59.0,17.4,65.5,49.0,79.1,3.62,20.900000000000006,17.4,57.25,55.38,64.44351918888964,Medium Risk
201,Morris High School,Texas,Private,High,24394.93,66.5,19.0,23.3,80.1,81.6,0.5,18.400000000000006,19.0,51.699999999999996,66.0,75.3865666755202,Low Risk
202,Jennings Elementary School,North Carolina,Public,Middle,8665.12,40.0,23.8,90.7,92.7,61.1,12.18,38.9,23.8,91.7,27.82,4.036588688900077,High Risk
203,Howell Elementary School,Ohio,Private,Middle,23743.27,49.3,28.0,46.7,19.3,52.3,9.06,47.7,28.0,33.0,40.239999999999995,36.94049503981775,High Risk
204,Robles Elementary School,Georgia,Charter,High,18992.39,61.7,28.3,22.0,8.6,90.1,1.29,9.900000000000006,28.3,15.3,60.410000000000004,65.505147513986,Medium Risk
205,Hanson High School,Florida,Private,High,24125.34,47.1,20.5,71.3,9.7,69.9,6.52,30.099999999999994,20.5,40.5,40.58,45.23814147272795,Medium Risk
206,Kidd Elementary School,Illinois,Private,High,9904.18,40.0,19.1,81.0,66.2,67.2,9.09,32.8,19.1,73.6,30.91,14.201936628567754,High Risk
207,Collins High School,Texas,Public,High,11235.08,41.2,24.3,29.1,85.4,83.0,4.62,17.0,24.3,57.25,36.580000000000005,23.96049179520267,High Risk
208,Freeman High School,California,Charter,High,6769.82,40.0,13.7,21.9,34.4,64.2,2.7,35.8,13.7,28.15,37.3,21.815584883833182,High Risk
209,Taylor Elementary School,Texas,Private,Elementary,7955.0,40.0,15.1,66.7,9.0,78.5,8.42,21.5,15.1,37.85,31.58,23.430059224169625,High Risk
210,Hernandez Middle School,Texas,Charter,Elementary,5077.03,40.0,15.4,70.6,50.7,67.8,8.32,32.2,15.4,60.65,31.68,13.096219855188815,High Risk
211,Vance High School,Florida,Charter,Elementary,14544.25,46.0,20.9,64.1,17.3,64.4,8.68,35.599999999999994,20.9,40.699999999999996,37.32,29.651855415963688,High Risk
212,Johnson High School,North Carolina,Private,High,22721.18,58.8,16.6,35.1,22.7,77.7,1.35,22.299999999999997,16.6,28.9,57.449999999999996,66.82867907718891,Medium Risk
213,Smith Middle School,Illinois,Public,Middle,5908.09,40.0,25.3,89.1,24.4,56.6,11.79,43.4,25.3,56.75,28.21,3.4271479766620203,High Risk
214,Jones Elementary School,Florida,Private,Elementary,18000.5,53.0,10.5,80.4,68.1,89.6,3.78,10.400000000000006,10.5,74.25,49.22,54.544744825629536,Medium Risk
215,Jackson Elementary School,Georgia,Charter,Middle,21737.44,58.8,12.3,77.6,37.3,88.0,0.55,12.0,12.3,57.449999999999996,58.25,68.1569735701462,Medium Risk
216,Jones High School,Michigan,Charter,Middle,20653.06,55.6,11.6,55.3,51.2,51.5,4.41,48.5,11.6,53.25,51.19,49.56731863406249,Medium Risk
217,Brown Middle School,New York,Private,High,12785.11,47.1,12.9,74.1,54.2,76.6,4.05,23.400000000000006,12.9,64.15,43.050000000000004,36.65450503214704,High Risk
218,Salinas Elementary School,California,Private,High,16918.75,61.9,30.0,22.8,42.0,99.5,0.5,0.5,30.0,32.4,61.4,63.613445805069944,Medium Risk
219,Gentry Middle School,Florida,Charter,Middle,24210.69,57.9,14.9,45.7,93.3,67.6,3.52,32.400000000000006,14.9,69.5,54.379999999999995,58.334282281404285,Medium Risk
220,Murphy Elementary School,Florida,Public,Elementary,14601.12,40.0,18.2,71.7,70.1,69.7,10.4,30.299999999999997,18.2,70.9,29.6,20.81796129706154,High Risk
221,Padilla Elementary School,Illinois,Public,Middle,12860.85,41.3,16.6,70.0,83.3,77.1,7.69,22.900000000000006,16.6,76.65,33.61,24.308029693764617,High Risk
222,Gomez High School,Illinois,Private,Elementary,17205.66,55.1,14.9,64.0,21.0,81.1,5.45,18.900000000000006,14.9,42.5,49.65,54.346311720825426,Medium Risk
223,Johnson High School,Michigan,Private,Elementary,22953.03,58.9,25.4,57.6,33.8,90.1,4.96,9.900000000000006,25.4,45.7,53.94,62.485631077099185,Medium Risk
224,Atkinson High School,Michigan,Charter,High,9293.73,40.0,10.5,94.9,22.7,81.1,7.98,18.900000000000006,10.5,58.800000000000004,32.019999999999996,25.841152118319343,High Risk
225,Whitehead High School,Texas,Charter,Middle,10283.75,44.1,19.5,44.9,55.1,78.9,4.21,21.099999999999994,19.5,50.0,39.89,28.950762035465424,High Risk
226,Morgan Elementary School,Illinois,Public,Elementary,23849.9,53.8,27.2,63.7,32.1,75.6,7.87,24.400000000000006,27.2,47.900000000000006,45.93,49.594839996251494,Medium Risk
227,Griffin High School,Illinois,Public,Middle,12601.78,50.6,19.1,90.8,48.5,84.1,8.46,15.900000000000006,19.1,69.65,42.14,37.002354654742454,High Risk
228,Parker Elementary School,North Carolina,Charter,Middle,7991.43,59.4,12.2,14.0,29.3,78.2,0.5,21.799999999999997,12.2,21.65,58.9,54.600617675124916,Medium Risk
229,Williams Middle School,Florida,Public,Middle,20918.3,50.5,23.6,68.8,11.8,83.9,6.69,16.099999999999994,23.6,40.3,43.81,48.702536360384975,Medium Risk
230,Harper Elementary School,Illinois,Charter,Elementary,13852.19,53.8,10.6,13.5,42.8,62.6,2.1,37.4,10.6,28.15,51.699999999999996,48.42696739215549,Medium Risk
231,Robertson Elementary School,California,Private,Elementary,23073.35,62.3,23.9,19.9,46.8,99.2,0.5,0.7999999999999972,23.9,33.349999999999994,61.8,74.52724464780572,Low Risk
232,Martinez Elementary School,Illinois,Charter,Elementary,14567.8,46.8,16.6,20.4,76.8,62.3,3.23,37.7,16.6,48.599999999999994,43.57,33.770892228536994,High Risk
233,Moore High School,Michigan,Charter,Middle,8480.82,40.0,25.6,36.5,78.5,74.1,5.78,25.900000000000006,25.6,57.5,34.22,14.903412400092657,High Risk
234,Martinez High School,Florida,Private,High,14946.91,45.0,25.1,64.5,94.2,77.0,8.97,23.0,25.1,79.35,36.03,25.355558093312123,High Risk
235,Meyer Middle School,California,Charter,Middle,7547.66,43.2,14.4,45.0,29.1,83.8,3.75,16.200000000000003,14.4,37.05,39.45,31.32883591073771,High Risk
236,Reynolds Middle School,Florida,Public,Middle,22070.74,57.5,25.7,11.3,32.1,72.6,1.73,27.400000000000006,25.7,21.700000000000003,55.77,58.27568097832127,Medium Risk
237,Jones High School,Pennsylvania,Public,High,22237.67,53.2,11.0,45.8,74.2,76.0,3.46,24.0,11.0,60.0,49.74,56.80671627570021,Medium Risk
238,Pham Elementary School,Florida,Private,High,17741.01,40.0,29.2,79.9,27.6,51.7,13.3,48.3,29.2,53.75,26.7,12.918416084150648,High Risk
239,Garcia Middle School,Illinois,Public,High,20007.31,57.8,20.2,42.3,45.4,97.7,2.52,2.299999999999997,20.2,43.849999999999994,55.279999999999994,64.72307916323581,Medium Risk
240,Cantrell Elementary School,Michigan,Public,Middle,9137.27,40.2,14.9,28.3,82.7,64.4,7.3,35.599999999999994,14.9,55.5,32.900000000000006,18.32600315483034,High Risk
241,Fleming High School,Texas,Private,Elementary,14936.28,40.0,18.6,80.6,75.6,68.3,11.38,31.700000000000003,18.6,78.1,28.619999999999997,19.051974250405543,High Risk
242,Whitney Middle School,New York,Public,High,12748.31,48.1,22.6,10.5,8.7,62.1,2.32,37.9,22.6,9.6,45.78,35.52330075828673,High Risk
243,Moran Elementary School,Michigan,Private,Middle,21663.2,42.7,19.7,81.3,20.7,67.8,10.83,32.2,19.7,51.0,31.870000000000005,33.34200559931007,High Risk
244,Finley Middle School,New York,Private,Middle,8507.94,40.0,21.1,88.9,34.4,71.8,9.2,28.200000000000003,21.1,61.650000000000006,30.8,14.629017306283009,High Risk
245,Jones Elementary School,Texas,Private,High,13648.08,48.6,26.4,83.7,49.8,88.8,9.49,11.200000000000003,26.4,66.75,39.11,33.113282964260456,High Risk
246,Patton High School,Georgia,Private,Middle,5291.51,40.0,20.0,15.5,38.8,53.7,5.73,46.3,20.0,27.15,34.269999999999996,11.592076038044254,High Risk
247,Carter High School,North Carolina,Charter,High,11431.13,40.0,29.3,68.4,31.9,53.3,11.15,46.7,29.3,50.150000000000006,28.85,7.568797589909854,High Risk
248,Irwin Middle School,Ohio,Charter,High,18887.66,54.6,21.2,55.0,30.3,60.0,4.62,40.0,21.2,42.65,49.980000000000004,45.0677539369677,Medium Risk
249,Price Elementary School,Texas,Public,Elementary,6314.74,40.0,29.9,59.2,65.5,62.3,10.59,37.7,29.9,62.35,29.41,2.979279223369131,High Risk
250,Obrien Middle School,California,Public,Elementary,17592.66,49.6,19.9,63.3,34.0,92.0,2.69,8.0,19.9,48.65,46.910000000000004,49.33879891016519,Medium Risk
251,Hatfield High School,Georgia,Charter,Elementary,17849.84,40.0,17.8,90.8,44.3,61.4,11.73,38.6,17.8,67.55,28.27,21.799487790752934,High Risk
252,Holden Middle School,North Carolina,Charter,Middle,8801.29,40.0,23.3,61.5,33.5,70.1,10.06,29.900000000000006,23.3,47.5,29.939999999999998,14.679401769600934,High Risk
253,Cochran Middle School,Florida,Charter,Middle,17140.7,58.4,13.4,34.6,34.2,54.1,2.93,45.9,13.4,34.400000000000006,55.47,52.06209483221468,Medium Risk
254,Oneill High School,Georgia,Private,Middle,7322.19,40.0,11.0,75.1,47.9,62.1,8.32,37.9,11.0,61.5,31.68,16.146808682385075,High Risk
255,Sanchez Middle School,Florida,Private,Middle,18844.58,40.0,28.7,84.0,53.8,57.4,11.93,42.6,28.7,68.9,28.07,14.98209201157941,High Risk
256,Nicholson Middle School,Georgia,Private,Elementary,21022.55,54.2,22.9,22.8,58.0,52.8,5.1,47.2,22.9,40.4,49.1,43.66538809712875,Medium Risk
257,Cox Elementary School,Pennsylvania,Private,High,22150.69,57.4,20.9,44.6,59.6,72.5,5.88,27.5,20.9,52.1,51.519999999999996,54.91456740130018,Medium Risk
258,Banks High School,New York,Public,Elementary,24465.35,53.6,20.1,49.8,89.1,67.4,6.64,32.599999999999994,20.1,69.44999999999999,46.96,48.89251195450942,Medium Risk
259,Pitts High School,Ohio,Private,Middle,8791.72,46.8,16.7,31.3,43.3,81.3,4.99,18.700000000000003,16.7,37.3,41.809999999999995,34.38888030542337,High Risk
260,Carr High School,Ohio,Private,High,13182.4,49.8,17.2,24.0,85.7,93.2,1.2,6.799999999999997,17.2,54.85,48.599999999999994,46.262561359756596,Medium Risk
261,Carpenter Elementary School,Pennsylvania,Charter,Elementary,21550.7,61.4,18.3,54.0,31.6,93.1,3.36,6.900000000000006,18.3,42.8,58.04,70.19020305215643,Low Risk
262,Bell High School,Florida,Private,Middle,5999.14,40.0,24.7,94.6,66.4,88.6,10.09,11.400000000000006,24.7,80.5,29.91,12.460643425468081,High Risk
263,Padilla High School,Georgia,Public,Elementary,13988.66,40.0,29.9,36.6,76.2,66.8,9.71,33.2,29.9,56.400000000000006,30.29,14.651729604581606,High Risk
264,Jones Middle School,New York,Private,Middle,11222.47,40.0,26.2,88.3,5.0,63.9,10.48,36.1,26.2,46.65,29.52,13.584578944467742,High Risk
265,Freeman High School,Ohio,Private,Middle,19274.69,56.3,10.2,39.6,27.2,50.5,4.01,49.5,10.2,33.4,52.29,52.21829675422418,Medium Risk
266,Brady Elementary School,Florida,Charter,High,10844.0,46.0,14.0,33.9,60.7,53.9,5.6,46.1,14.0,47.3,40.4,26.180876728816123,High Risk
267,Garcia High School,Pennsylvania,Private,High,20789.17,57.8,26.0,39.1,27.9,84.8,2.62,15.200000000000003,26.0,33.5,55.18,59.185151698060125,Medium Risk
268,Potter High School,Texas,Charter,High,7448.87,50.6,18.2,12.6,40.1,84.6,1.72,15.400000000000006,18.2,26.35,48.88,40.74838808572421,Medium Risk
269,Estes Middle School,Illinois,Charter,Middle,15829.16,47.9,28.3,59.4,69.3,97.5,7.04,2.5,28.3,64.35,40.86,38.13633255622199,High Risk
270,Stephens Elementary School,Georgia,Charter,High,16062.64,56.3,25.4,26.9,23.1,92.2,2.56,7.799999999999997,25.4,25.0,53.739999999999995,55.99113380570117,Medium Risk
271,Byrd High School,California,Charter,High,19678.43,51.6,11.7,84.5,59.5,84.4,7.54,15.599999999999994,11.7,72.0,44.06,50.89872883555014,Medium Risk
272,Levine High School,Texas,Private,Elementary,15282.69,46.2,21.5,61.0,11.3,68.3,8.7,31.700000000000003,21.5,36.15,37.5,32.3798830314046,High Risk
273,Hull High School,Texas,Public,High,24425.17,58.9,16.7,35.7,38.8,57.8,3.86,42.2,16.7,37.25,55.04,59.6776825589964,Medium Risk
274,White Elementary School,New York,Public,High,6149.18,40.3,18.9,54.0,35.0,57.7,8.45,42.3,18.9,44.5,31.849999999999998,11.353799943734913,High Risk
275,Elliott Elementary School,Illinois,Public,High,11520.02,56.0,23.3,18.5,27.8,81.0,1.24,19.0,23.3,23.15,54.76,48.53694519806107,Medium Risk
276,Griffin Elementary School,Georgia,Private,High,20262.89,44.7,28.5,64.3,60.5,66.0,10.01,34.0,28.5,62.4,34.690000000000005,27.243254460198337,High Risk
277,Hebert Middle School,Florida,Public,High,18872.89,40.6,28.9,30.5,89.3,58.8,8.34,41.2,28.9,59.9,32.260000000000005,18.978234482239927,High Risk
278,Lewis Elementary School,California,Public,Middle,24559.37,63.9,17.8,10.5,22.1,71.7,2.23,28.299999999999997,17.8,16.3,61.67,73.77636980504698,Low Risk
279,Allen High School,Illinois,Public,Elementary,24562.36,69.3,22.2,43.0,80.3,97.0,2.3,3.0,22.2,61.65,67.0,80.31678335496389,Low Risk
280,Massey Middle School,North Carolina,Public,High,21311.28,58.6,15.3,79.6,17.8,85.0,4.17,15.0,15.3,48.699999999999996,54.43,64.22762614796225,Medium Risk
281,Hebert Middle School,Pennsylvania,Private,Elementary,16352.07,54.4,19.1,75.7,42.1,98.2,5.89,1.7999999999999972,19.1,58.900000000000006,48.51,53.53704166428494,Medium Risk
282,Waters Middle School,Michigan,Charter,Elementary,22885.28,47.8,13.8,72.8,53.9,68.2,4.46,31.799999999999997,13.8,63.349999999999994,43.339999999999996,45.70519430309794,Medium Risk
283,Parker Elementary School,Michigan,Private,Elementary,7701.85,40.0,12.8,90.8,74.7,63.4,7.56,36.6,12.8,82.75,32.44,13.395633870976326,High Risk
284,Schmidt Middle School,Georgia,Private,High,12068.54,57.2,11.4,41.1,73.7,95.0,1.77,5.0,11.4,57.400000000000006,55.43,57.40372790075869,Medium Risk
285,Andrews Elementary School,North Carolina,Private,Elementary,7969.77,42.7,17.8,31.7,50.8,87.8,3.14,12.200000000000003,17.8,41.25,39.56,30.319640270965706,High Risk
286,Reyes Elementary School,Michigan,Charter,Elementary,20512.41,54.7,20.1,59.6,9.1,81.5,4.65,18.5,20.1,34.35,50.050000000000004,56.30668770473561,Medium Risk
287,Dominguez High School,New York,Private,Middle,14502.9,50.3,17.4,71.2,35.0,88.0,3.45,12.0,17.4,53.1,46.849999999999994,45.71626429640872,Medium Risk
288,Harris Elementary School,Georgia,Public,Middle,21551.1,54.5,17.7,50.1,82.3,71.1,5.61,28.900000000000006,17.7,66.2,48.89,50.20284266251012,Medium Risk
289,Tapia Elementary School,California,Public,Elementary,23853.26,56.7,23.1,39.9,18.9,67.4,7.19,32.599999999999994,23.1,29.4,49.510000000000005,55.54241205980147,Medium Risk
290,Khan High School,Illinois,Private,High,9111.61,46.8,19.4,61.5,6.0,96.9,4.54,3.0999999999999943,19.4,33.75,42.26,39.30557450493602,High Risk
291,Gray Middle School,Michigan,Public,Middle,11673.46,43.3,21.3,60.0,28.6,83.2,6.19,16.799999999999997,21.3,44.3,37.11,29.932618247871595,High Risk
292,Williams Middle School,Illinois,Public,Elementary,13127.46,47.2,24.3,44.2,18.1,79.5,4.56,20.5,24.3,31.150000000000002,42.64,35.92622337511481,High Risk
293,Medina Middle School,Illinois,Public,High,21162.97,53.1,20.8,87.5,20.2,67.4,8.04,32.599999999999994,20.8,53.85,45.06,45.58029164286292,Medium Risk
294,Calhoun Middle School,California,Private,Middle,11836.51,40.0,10.4,66.7,55.5,54.3,5.54,45.7,10.4,61.1,34.46,20.32129651975023,High Risk
295,Hutchinson Elementary School,California,Charter,Middle,8276.55,40.0,21.9,87.3,58.6,63.9,11.46,36.1,21.9,72.95,28.54,8.576744106576836,High Risk
296,Harris Elementary School,North Carolina,Charter,High,12110.56,55.7,20.0,17.9,34.0,90.0,1.56,10.0,20.0,25.95,54.14,53.35484457115102,Medium Risk
297,Wright High School,Georgia,Private,Elementary,20527.55,59.2,13.3,14.1,38.3,50.0,0.75,50.0,13.3,26.2,58.45,57.7152808009867,Medium Risk
298,Roach Elementary School,New York,Private,Middle,13140.78,51.0,12.1,10.8,31.9,57.2,1.3,42.8,12.1,21.35,49.7,42.733160136078546,Medium Risk
299,Ramirez Middle School,Texas,Private,High,17782.45,49.7,12.3,56.8,12.7,76.7,2.23,23.299999999999997,12.3,34.75,47.470000000000006,50.89847139581614,Medium Risk
300,Silva Elementary School,New York,Public,Middle,12171.78,43.1,27.5,66.2,16.9,87.0,5.96,13.0,27.5,41.55,37.14,28.481706579923852,High Risk
301,Guerrero Elementary School,Michigan,Private,Middle,12695.31,63.3,10.8,14.1,10.5,67.6,0.5,32.400000000000006,10.8,12.3,62.8,63.251979443616555,Medium Risk
302,Riddle High School,North Carolina,Private,Middle,21610.2,40.0,26.4,86.0,31.0,51.0,10.18,49.0,26.4,58.5,29.82,19.521716217787358,High Risk
303,Johnson High School,California,Public,High,15764.33,49.1,22.1,48.2,87.8,74.9,7.37,25.099999999999994,22.1,68.0,41.730000000000004,34.61969042756781,High Risk
304,Harris Middle School,California,Charter,High,12538.27,40.0,19.9,86.9,38.5,55.5,12.06,44.5,19.9,62.7,27.939999999999998,12.906056691124526,High Risk
305,Wilson Middle School,California,Charter,High,24536.61,57.3,10.8,82.7,29.4,66.4,5.69,33.599999999999994,10.8,56.05,51.61,60.820163091125515,Medium Risk
306,Olson Elementary School,Pennsylvania,Private,Middle,10539.84,41.7,23.6,50.4,60.5,97.4,2.08,2.5999999999999943,23.6,55.45,39.620000000000005,30.559736575707042,High Risk
307,Foster Middle School,Texas,Public,Elementary,16076.69,40.0,13.7,89.6,82.6,54.5,9.91,45.5,13.7,86.1,30.09,17.97067175068485,High Risk
308,Gonzalez High School,Florida,Public,Middle,10128.6,40.0,27.2,69.6,10.4,58.2,11.88,41.8,27.2,40.0,28.119999999999997,10.052495876152612,High Risk
309,Barnett Elementary School,Pennsylvania,Public,High,7931.46,40.0,29.4,33.7,56.5,55.2,5.85,44.8,29.4,45.1,34.15,7.194856514383925,High Risk
310,Rubio High School,Illinois,Charter,Middle,17503.49,58.6,24.3,48.0,90.8,92.8,3.95,7.200000000000003,24.3,69.4,54.65,54.54934674108494,Medium Risk
311,Goodman High School,New York,Charter,Middle,19973.3,56.6,23.6,37.6,91.3,75.6,3.92,24.400000000000006,23.6,64.45,52.68,50.09638742632076,Medium Risk
312,Rhodes Middle School,Florida,Private,Elementary,11543.91,40.0,27.5,69.1,85.5,53.1,13.39,46.9,27.5,77.3,26.61,3.9059397226998627,High Risk
313,Sims High School,North Carolina,Public,Middle,23996.5,54.0,25.1,78.5,31.5,60.2,8.7,39.8,25.1,55.0,45.3,44.523694688522475,Medium Risk
314,Braun High School,Texas,Private,Elementary,7426.08,40.0,26.5,64.8,10.2,82.4,7.93,17.599999999999994,26.5,37.5,32.07,17.845081248275758,High Risk
315,Jackson Elementary School,Illinois,Private,Middle,17805.95,63.8,19.2,29.0,11.5,85.8,1.11,14.200000000000003,19.2,20.25,62.69,69.86871792678109,Medium Risk
316,Martin Middle School,Texas,Private,Middle,22758.08,51.8,12.0,67.3,85.3,61.2,9.39,38.8,12.0,76.3,42.41,45.060319184401365,Medium Risk
317,Sherman Elementary School,New York,Charter,High,13924.4,44.6,23.5,26.7,89.2,68.5,6.07,31.5,23.5,57.95,38.53,25.922011159954124,High Risk
318,Martin Elementary School,Illinois,Private,Middle,24900.18,54.5,11.2,81.6,32.9,64.9,6.93,35.099999999999994,11.2,57.25,47.57,56.33785639494533,Medium Risk
319,May High School,Michigan,Charter,Elementary,16547.36,55.7,27.7,22.5,82.9,87.2,1.92,12.799999999999997,27.7,52.7,53.78,49.20429028618678,Medium Risk
320,Jenkins Elementary School,Texas,Public,High,16369.69,40.0,28.0,74.1,93.7,83.0,11.53,17.0,28.0,83.9,28.47,19.506875949783208,High Risk
321,Freeman Elementary School,Ohio,Public,Elementary,22970.99,67.3,11.0,27.3,59.4,67.2,0.5,32.8,11.0,43.35,66.8,75.50225210272602,Low Risk
322,Silva Middle School,North Carolina,Charter,Middle,15866.95,40.0,17.0,87.3,73.3,62.6,9.92,37.4,17.0,80.3,30.08,19.428621905362775,High Risk
323,Phillips High School,Ohio,Charter,Elementary,19926.92,65.2,15.7,50.3,36.1,87.0,1.64,13.0,15.7,43.2,63.56,73.06572663763825,Low Risk
324,Wilkerson Middle School,Florida,Private,Middle,9436.07,45.1,10.7,84.9,34.6,80.1,4.22,19.900000000000006,10.7,59.75,40.88,33.34526615857378,High Risk
325,Petersen High School,Florida,Private,Elementary,17606.55,51.4,22.5,63.3,54.7,66.7,8.12,33.3,22.5,59.0,43.28,37.40261368453651,High Risk
326,Jones Middle School,California,Private,Middle,11431.38,55.8,14.3,29.1,54.7,84.5,2.42,15.5,14.3,41.900000000000006,53.379999999999995,51.483850770391626,Medium Risk
327,Thomas Middle School,Illinois,Charter,High,6615.56,40.0,24.0,14.6,77.2,74.1,5.45,25.900000000000006,24.0,45.9,34.55,15.422079091053295,High Risk
328,Rodriguez Elementary School,Georgia,Charter,Elementary,7840.1,40.0,27.3,24.2,31.3,70.5,4.07,29.5,27.3,27.75,35.93,16.815550358617042,High Risk
329,Kaiser Elementary School,Georgia,Private,Middle,23855.36,50.5,27.0,26.9,56.3,64.8,6.0,35.2,27.0,41.599999999999994,44.5,43.639918298589095,Medium Risk
330,Murphy Elementary School,California,Charter,Elementary,7337.24,40.0,10.7,52.0,78.4,74.4,6.32,25.599999999999994,10.7,65.2,33.68,20.992528382284927,High Risk
331,Garcia Middle School,Michigan,Charter,Elementary,7191.61,50.0,16.6,20.8,73.6,75.5,0.65,24.5,16.6,47.199999999999996,49.35,35.07637963918138,High Risk
332,Evans High School,Florida,Public,Middle,10008.7,40.0,24.3,76.8,69.8,76.8,8.43,23.200000000000003,24.3,73.3,31.57,14.984911314623146,High Risk
333,White Elementary School,New York,Charter,Middle,12585.34,50.9,19.5,31.4,74.0,97.7,3.08,2.299999999999997,19.5,52.7,47.82,46.602466027354296,Medium Risk
334,Horton Middle School,Georgia,Private,Middle,24975.1,58.3,26.3,41.8,80.2,95.7,4.13,4.299999999999997,26.3,61.0,54.169999999999995,63.77105802090096,Medium Risk
335,Allen Elementary School,Georgia,Charter,Middle,12355.11,40.0,23.3,65.1,89.8,54.7,11.69,45.3,23.3,77.44999999999999,28.310000000000002,8.573297245700076,High Risk
336,Moore Middle School,Texas,Public,High,10735.8,42.5,16.4,25.5,45.2,69.5,6.26,30.5,16.4,35.35,36.24,27.153996986527243,High Risk
337,Bennett Middle School,New York,Private,Elementary,21513.68,45.5,19.4,80.1,58.1,68.3,9.63,31.700000000000003,19.4,69.1,35.87,34.97707795588216,High Risk
338,Torres Middle School,North Carolina,Charter,Elementary,24744.42,58.9,17.6,62.2,26.5,66.7,6.26,33.3,17.6,44.35,52.64,60.554918075320295,Medium Risk
339,Roberson Elementary School,Florida,Charter,High,7863.12,48.8,22.9,20.6,93.7,89.2,6.55,10.799999999999997,22.9,57.150000000000006,42.25,31.468255168289055,High Risk
340,Gonzales Elementary School,California,Private,High,8029.51,49.3,15.1,51.6,21.5,88.5,2.54,11.5,15.1,36.55,46.76,41.195431323741666,Medium Risk
341,Thomas Middle School,New York,Charter,Middle,21677.02,40.0,21.8,49.4,43.2,53.2,7.9,46.8,21.8,46.3,32.1,25.73671320601838,High Risk
342,Koch High School,New York,Public,Middle,15428.27,47.4,23.4,14.2,51.6,54.5,6.17,45.5,23.4,32.9,41.23,29.71567234249764,High Risk
343,Wilson Middle School,Pennsylvania,Charter,High,6706.94,40.0,23.1,54.1,14.5,50.9,9.67,49.1,23.1,34.3,30.33,7.707693757124338,High Risk
344,Carter High School,Illinois,Private,High,16953.66,58.9,15.8,53.9,36.7,91.1,1.57,8.900000000000006,15.8,45.3,57.33,63.01220062940455,Medium Risk
345,Hawkins Middle School,New York,Public,Middle,20499.45,58.0,27.3,45.7,14.9,71.6,4.22,28.400000000000006,27.3,30.3,53.78,53.48568675623897,Medium Risk
346,Aguilar Middle School,Texas,Charter,Elementary,9576.73,40.0,29.5,64.2,94.7,67.8,13.92,32.2,29.5,79.45,26.08,5.035841496596731,High Risk
347,Watkins High School,Illinois,Private,Elementary,9519.47,48.2,19.6,12.4,23.7,80.3,1.93,19.700000000000003,19.6,18.05,46.27,38.96154680687458,High Risk
348,Clarke High School,New York,Private,Elementary,13690.34,51.8,15.7,52.4,43.1,78.7,3.26,21.299999999999997,15.7,47.75,48.54,45.19327351165943,Medium Risk
349,Williams Middle School,North Carolina,Private,Elementary,15384.72,40.0,22.8,42.2,91.9,57.0,10.17,43.0,22.8,67.05000000000001,29.83,15.293767159736767,High Risk
350,Walters Elementary School,Ohio,Charter,High,21119.96,68.8,20.6,29.0,9.5,82.6,0.5,17.400000000000006,20.6,19.25,68.3,78.3230071480093,Low Risk
351,Garza Middle School,Florida,Private,Middle,13186.67,50.3,14.3,44.1,70.5,75.3,3.94,24.700000000000003,14.3,57.3,46.36,40.775025917474615,Medium Risk
352,Jordan Middle School,New York,Charter,High,23005.54,54.6,27.2,55.6,74.9,75.9,8.01,24.099999999999994,27.2,65.25,46.59,47.23496142556159,Medium Risk
353,Harrington Middle School,New York,Public,High,15841.3,40.0,12.3,87.1,45.6,54.5,8.34,45.5,12.3,66.35,31.66,21.94751622760748,High Risk
354,Vaughn High School,Texas,Charter,Elementary,16980.89,63.6,13.1,45.3,50.2,93.1,1.0,6.900000000000006,13.1,47.75,62.6,70.9714850755058,Low Risk
355,Kennedy Middle School,Texas,Charter,Elementary,8681.92,40.0,12.5,75.7,82.0,61.4,11.35,38.6,12.5,78.85,28.65,12.848556088701727,High Risk
356,Atkinson High School,Pennsylvania,Charter,Elementary,19243.89,58.8,11.9,78.9,61.6,95.0,4.1,5.0,11.9,70.25,54.699999999999996,64.56191886472315,Medium Risk
357,Smith Elementary School,Florida,Charter,High,15299.17,45.6,28.5,45.7,40.6,77.1,6.45,22.900000000000006,28.5,43.150000000000006,39.15,30.710587606150824,High Risk
358,Hill Elementary School,North Carolina,Private,Middle,6010.14,48.7,11.4,27.8,68.1,85.4,0.85,14.599999999999994,11.4,47.949999999999996,47.85,38.36574263886719,High Risk
359,Peters Middle School,Florida,Public,Elementary,17627.01,43.3,20.3,79.1,7.8,72.7,7.45,27.299999999999997,20.3,43.449999999999996,35.849999999999994,33.31696657543657,High Risk
360,Daniels Elementary School,Texas,Public,High,8138.46,40.0,10.0,46.7,58.4,58.4,5.76,41.6,10.0,52.55,34.24,18.77586161041265,High Risk
361,Rodriguez Middle School,Pennsylvania,Charter,Elementary,19989.33,55.4,22.8,64.6,55.0,97.8,4.05,2.200000000000003,22.8,59.8,51.35,57.39860953439001,Medium Risk
362,Richardson High School,Florida,Charter,Middle,10907.56,48.3,13.9,27.5,26.1,60.0,4.77,40.0,13.9,26.8,43.53,34.457053154609724,High Risk
363,King Elementary School,North Carolina,Private,Elementary,22092.54,56.9,18.3,52.7,64.0,63.9,4.0,36.1,18.3,58.35,52.9,52.73304277009617,Medium Risk
364,Martin Elementary School,Pennsylvania,Charter,Elementary,6553.06,40.0,25.0,64.6,20.1,98.8,6.72,1.2000000000000028,25.0,42.349999999999994,33.28,23.264876830679118,High Risk
365,Calhoun Elementary School,Florida,Private,Elementary,10211.94,40.0,18.4,26.0,65.6,53.0,6.32,47.0,18.4,45.8,33.68,15.128477233306446,High Risk
366,Williams Middle School,North Carolina,Private,Middle,19004.2,63.9,16.8,80.4,8.0,97.9,3.23,2.0999999999999943,16.8,44.2,60.67,72.69893590083836,Low Risk
367,Leonard High School,Michigan,Private,Elementary,15041.45,47.4,14.9,87.3,13.9,90.4,4.11,9.599999999999994,14.9,50.6,43.29,45.118069547065815,Medium Risk
368,Ortiz Elementary School,California,Public,Middle,22238.67,55.5,19.3,22.9,20.0,59.9,5.14,40.1,19.3,21.45,50.36,53.81878520081936,Medium Risk
369,Kim Elementary School,California,Private,High,19546.93,50.1,19.6,48.4,5.1,52.7,8.11,47.3,19.6,26.75,41.99,39.3476393973455,High Risk
370,Boyer High School,North Carolina,Private,Elementary,24695.63,54.8,25.0,89.7,64.6,83.9,9.75,16.099999999999994,25.0,77.15,45.05,51.058028295111015,Medium Risk
371,Frey Elementary School,Illinois,Public,High,23087.27,53.8,29.2,37.1,87.4,79.0,4.46,21.0,29.2,62.25,49.339999999999996,48.27878485759887,Medium Risk
372,Ayala High School,North Carolina,Public,Middle,6551.14,40.0,29.6,94.5,19.9,94.4,10.43,5.599999999999994,29.6,57.2,29.57,15.352396254202114,High Risk
373,Pierce Elementary School,Ohio,Private,Middle,24121.65,65.3,16.2,53.8,73.9,83.4,3.64,16.599999999999994,16.2,63.85,61.66,72.75236255172788,Low Risk
374,Cross High School,California,Private,Elementary,7506.27,40.0,29.2,68.3,18.6,85.7,6.18,14.299999999999997,29.2,43.45,33.82,17.48357367682824,High Risk
375,Hawkins Middle School,Texas,Charter,Middle,24734.07,66.9,19.3,30.9,32.9,75.8,1.69,24.200000000000003,19.3,31.9,65.21000000000001,76.29000131575167,Low Risk
376,Larsen Middle School,New York,Charter,Middle,5780.51,45.3,19.5,23.5,27.0,54.4,5.79,45.6,19.5,25.25,39.51,19.416738909780214,High Risk
377,Marshall Elementary School,New York,Private,Middle,24350.94,56.4,10.2,74.9,35.2,61.3,6.63,38.7,10.2,55.050000000000004,49.769999999999996,57.796349996040824,Medium Risk
378,Thompson High School,California,Public,Elementary,9744.0,40.0,11.8,34.0,74.4,58.2,5.96,41.8,11.8,54.2,34.04,19.207274593614336,High Risk
379,May Elementary School,Pennsylvania,Private,Elementary,11062.64,40.0,25.5,85.8,92.8,54.8,13.69,45.2,25.5,89.3,26.310000000000002,3.2988754249952823,High Risk
380,Holt Elementary School,Ohio,Public,Middle,6635.26,44.2,11.1,72.2,28.6,97.1,5.2,2.9000000000000057,11.1,50.400000000000006,39.0,35.52122600784756,High Risk
381,Blair High School,Florida,Private,Elementary,19143.43,51.7,25.2,16.3,78.2,65.3,6.67,34.7,25.2,47.25,45.03,39.781192698448685,High Risk
382,Davis High School,New York,Public,High,19629.29,47.1,19.9,70.8,63.2,51.5,6.6,48.5,19.9,67.0,40.5,30.284520856600622,High Risk
383,Pierce Elementary School,Texas,Charter,Middle,21859.29,40.0,29.4,78.8,9.5,62.1,10.78,37.9,29.4,44.15,29.22,23.644932136205327,High Risk
384,Hayes Middle School,New York,Public,Middle,17394.22,52.6,19.8,42.6,67.2,96.6,2.6,3.4000000000000057,19.8,54.900000000000006,50.0,53.6116701254143,Medium Risk
385,Ortiz High School,North Carolina,Public,High,18804.99,55.7,18.1,18.1,58.0,86.1,0.5,13.900000000000006,18.1,38.05,55.2,59.657627061762966,Medium Risk
386,Mays High School,Texas,Public,Middle,23706.87,43.5,18.5,75.3,84.2,53.9,10.78,46.1,18.5,79.75,32.72,28.601076755399205,High Risk
387,Stafford High School,New York,Public,Elementary,20202.08,55.7,19.1,69.3,58.6,86.0,6.86,14.0,19.1,63.95,48.84,54.220745482863585,Medium Risk
388,Strong High School,Georgia,Public,Elementary,23317.95,61.3,19.8,90.4,18.7,97.9,3.34,2.0999999999999943,19.8,54.550000000000004,57.959999999999994,71.29568687024278,Low Risk
389,Williams High School,Texas,Public,Elementary,5921.11,40.0,28.1,55.7,91.2,82.0,9.1,18.0,28.1,73.45,30.9,9.533712296932308,High Risk
390,Martinez High School,Florida,Charter,Middle,7665.8,40.0,26.6,88.7,67.3,65.4,11.12,34.599999999999994,26.6,78.0,28.880000000000003,5.12446062109356,High Risk
391,Vargas Elementary School,Texas,Private,Elementary,7186.42,40.0,17.9,29.3,48.0,86.2,2.46,13.799999999999997,17.9,38.65,37.54,26.158133850017784,High Risk
392,Ross High School,North Carolina,Private,Elementary,13260.81,40.0,13.9,86.7,83.1,54.5,12.7,45.5,13.9,84.9,27.3,13.505463960427692,High Risk
393,Hernandez Elementary School,Pennsylvania,Charter,Middle,20641.58,40.0,27.6,89.4,16.2,51.9,12.15,48.1,27.6,52.800000000000004,27.85,17.922157796608754,High Risk
394,Nunez Elementary School,Texas,Public,Middle,22357.18,63.6,23.4,45.5,36.6,93.8,2.86,6.200000000000003,23.4,41.05,60.74,71.57829051096734,Low Risk
395,Harris Middle School,North Carolina,Charter,Elementary,12591.91,48.7,12.8,41.0,73.7,63.8,2.82,36.2,12.8,57.35,45.88,35.499215357755524,High Risk
396,Flores Middle School,Pennsylvania,Charter,Middle,24239.13,64.6,14.1,39.6,35.8,71.3,4.35,28.700000000000003,14.1,37.7,60.24999999999999,72.3486079440423,Low Risk
397,Newman Middle School,Texas,Public,High,18376.59,61.2,10.7,39.2,45.1,70.6,2.72,29.400000000000006,10.7,42.150000000000006,58.480000000000004,63.23217754716039,Medium Risk
398,Smith Middle School,Georgia,Public,Elementary,17773.08,43.5,26.5,94.2,67.2,89.4,9.67,10.599999999999994,26.5,80.7,33.83,29.78591955050294,High Risk
399,Butler High School,California,Private,Elementary,5157.76,41.8,15.2,34.8,68.7,74.4,5.27,25.599999999999994,15.2,51.75,36.53,20.40222528572718,High Risk
400,Brown High School,Florida,Private,High,22595.3,42.9,23.7,71.6,67.4,60.5,8.79,39.5,23.7,69.5,34.11,28.17414561007803,High Risk
401,Mitchell Elementary School,Pennsylvania,Private,High,22415.37,48.4,25.0,34.1,55.1,50.9,9.31,49.1,25.0,44.6,39.089999999999996,33.83080806472216,High Risk
402,Myers Elementary School,Pennsylvania,Private,High,17933.4,40.0,29.1,87.5,84.7,64.7,12.66,35.3,29.1,86.1,27.34,13.519070614819134,High Risk
403,Harper Elementary School,Pennsylvania,Private,Elementary,23525.49,56.9,28.5,55.2,55.1,80.8,6.2,19.200000000000003,28.5,55.150000000000006,50.699999999999996,53.81373508449175,Medium Risk
404,Shaw Elementary School,New York,Charter,Elementary,13771.92,40.0,28.3,47.2,11.1,52.4,8.83,47.6,28.3,29.150000000000002,31.17,14.496774904192524,High Risk
405,Buckley High School,Georgia,Charter,Middle,18430.67,50.2,15.8,78.3,28.8,67.8,6.5,32.2,15.8,53.55,43.7,42.62760138355485,Medium Risk
406,Campbell Middle School,North Carolina,Public,Elementary,18879.04,51.3,11.9,73.1,25.6,68.7,6.57,31.299999999999997,11.9,49.349999999999994,44.73,47.612433684723946,Medium Risk
407,Bradford High School,Florida,Charter,High,13166.72,40.0,29.1,93.7,6.5,50.9,13.66,49.1,29.1,50.1,26.34,7.7422087752272075,High Risk
408,Garcia Middle School,Ohio,Private,High,9050.24,40.0,25.1,90.0,40.3,68.9,11.92,31.099999999999994,25.1,65.15,28.08,10.230956446007216,High Risk
409,Martin Middle School,New York,Public,High,13491.54,41.1,24.4,42.0,16.0,84.9,4.95,15.099999999999994,24.4,29.0,36.15,30.81756638263097,High Risk
410,Meyer Middle School,Ohio,Public,High,16080.11,44.1,28.5,39.1,74.7,91.0,6.43,9.0,28.5,56.900000000000006,37.67,32.70797907522176,High Risk
411,Carney High School,Georgia,Charter,Middle,14305.94,42.9,12.8,91.3,68.3,95.6,5.88,4.400000000000006,12.8,79.8,37.019999999999996,36.93703111382859,High Risk
412,Duke High School,North Carolina,Charter,Middle,24779.02,46.2,14.9,91.4,43.1,74.3,10.78,25.700000000000003,14.9,67.25,35.42,44.042739224427365,Medium Risk
413,Gardner Middle School,Michigan,Charter,Elementary,9735.4,40.0,28.7,31.1,39.4,71.6,4.97,28.400000000000006,28.7,35.25,35.03,17.140868697934373,High Risk
414,Ramirez Elementary School,Illinois,Private,High,13679.75,41.8,17.3,82.2,78.7,70.2,10.92,29.799999999999997,17.3,80.45,30.879999999999995,21.092716076845193,High Risk
415,Strickland High School,Georgia,Public,High,23327.88,62.9,19.0,40.7,46.1,87.1,3.62,12.900000000000006,19.0,43.400000000000006,59.28,71.39897755707457,Low Risk
416,Huynh Elementary School,New York,Public,Elementary,19734.53,55.5,25.2,48.1,34.0,86.0,3.39,14.0,25.2,41.05,52.11,54.634858692494696,Medium Risk
417,Gordon Elementary School,Illinois,Charter,Elementary,9063.65,43.7,21.8,20.7,22.2,53.8,8.39,46.2,21.8,21.45,35.31,19.081528009061586,High Risk
418,Romero Elementary School,Florida,Charter,High,19745.31,67.4,17.8,39.1,10.3,86.3,1.72,13.700000000000003,17.8,24.700000000000003,65.68,76.61717922854646,Low Risk
419,Davis High School,Florida,Private,Middle,13401.04,40.0,24.8,54.2,30.7,65.2,9.56,34.8,24.8,42.45,30.439999999999998,18.364557031908838,High Risk
420,Christensen Middle School,Michigan,Private,Elementary,6853.48,53.4,18.3,25.7,84.7,98.4,1.26,1.5999999999999943,18.3,55.2,52.14,44.43057056705718,Medium Risk
421,Guzman High School,Ohio,Private,Middle,9776.23,40.0,15.2,77.2,51.4,57.7,9.21,42.3,15.2,64.3,30.79,14.24632945233695,High Risk
422,Bowman High School,Georgia,Public,Elementary,10646.73,40.0,28.1,87.8,38.5,59.4,12.22,40.6,28.1,63.15,27.78,7.190559462286746,High Risk
423,Wise Middle School,North Carolina,Private,High,6642.31,40.0,20.4,64.8,54.2,91.9,6.63,8.099999999999994,20.4,59.5,33.37,21.300111065561033,High Risk
424,Pena High School,Pennsylvania,Private,Elementary,5934.75,40.0,19.4,13.8,91.9,75.3,5.97,24.700000000000003,19.4,52.85,34.03,16.51466833855636,High Risk
425,Farley Middle School,Illinois,Private,Middle,8232.3,40.0,23.6,73.0,86.0,68.6,10.64,31.400000000000006,23.6,79.5,29.36,8.634637032024804,High Risk
426,Pena High School,Michigan,Private,Elementary,5362.72,40.0,13.5,43.7,91.3,73.5,4.58,26.5,13.5,67.5,35.42,17.235674623642034,High Risk
427,Morton High School,California,Private,High,10439.06,49.6,23.0,41.6,55.2,92.0,4.87,8.0,23.0,48.400000000000006,44.730000000000004,38.31251254526939,High Risk
428,Dyer Middle School,New York,Private,High,14084.19,45.9,23.6,50.7,64.2,60.4,9.54,39.6,23.6,57.45,36.36,23.340794046705728,High Risk
429,Anderson Middle School,Illinois,Charter,Middle,20069.05,40.6,17.4,70.6,45.2,55.6,10.2,44.4,17.4,57.9,30.400000000000002,25.347244675361132,High Risk
430,Shields Middle School,Illinois,Charter,High,15835.24,47.4,29.7,47.1,54.4,84.4,7.51,15.599999999999994,29.7,50.75,39.89,33.84684631705903,High Risk
431,Wilson High School,Illinois,Charter,Elementary,17667.6,40.9,26.9,44.5,10.9,59.8,7.76,40.2,26.9,27.7,33.14,24.172034414096473,High Risk
432,Rios Middle School,Georgia,Public,Middle,6600.83,40.7,14.8,90.4,61.3,96.7,5.57,3.299999999999997,14.8,75.85,35.13,25.22648374609291,High Risk
433,Bryan Elementary School,Florida,Charter,Elementary,7578.83,47.6,13.3,52.2,47.8,95.5,1.44,4.5,13.3,50.0,46.160000000000004,40.693896172628335,Medium Risk
434,Thompson High School,Georgia,Charter,High,14062.74,40.0,23.1,81.2,66.3,79.7,7.51,20.299999999999997,23.1,73.75,32.49,21.733702837497564,High Risk
435,Morales Elementary School,Texas,Private,Elementary,8197.86,41.7,21.3,94.7,32.1,98.1,7.78,1.9000000000000057,21.3,63.400000000000006,33.92,25.758833655579046,High Risk
436,Smith High School,California,Public,Middle,12553.16,40.0,23.5,84.0,31.0,90.3,7.91,9.700000000000003,23.5,57.5,32.09,25.50250048238538,High Risk
437,Riley Elementary School,Illinois,Charter,High,22718.72,56.9,16.0,36.9,74.2,69.5,3.47,30.5,16.0,55.55,53.43,57.35826865260663,Medium Risk
438,Johnson High School,California,Public,Middle,5918.98,40.0,16.0,92.3,94.0,51.9,8.73,48.1,16.0,93.15,31.27,3.5221535759118154,High Risk
439,Hart Middle School,Georgia,Private,Middle,24981.9,50.6,28.4,75.9,13.0,78.4,6.62,21.599999999999994,28.4,44.45,43.980000000000004,48.30483914396106,Medium Risk
440,Mckinney Middle School,Pennsylvania,Private,High,10686.95,40.0,29.7,91.1,51.5,74.9,13.11,25.099999999999994,29.7,71.3,26.89,10.162948160519079,High Risk
441,Lane High School,Florida,Public,Middle,21661.84,56.2,17.5,84.5,44.6,93.5,4.38,6.5,17.5,64.55,51.82,61.08353596045544,Medium Risk
442,Vazquez Elementary School,Pennsylvania,Charter,High,11144.58,43.1,13.4,59.7,51.1,64.9,7.11,35.099999999999994,13.4,55.400000000000006,35.99,25.34319625485909,High Risk
443,Oconnor Elementary School,North Carolina,Public,High,12468.53,41.8,16.5,63.1,14.0,56.6,6.12,43.4,16.5,38.55,35.68,23.389359994823444,High Risk
444,Yates Elementary School,North Carolina,Public,Middle,17295.27,52.9,21.1,86.8,38.7,88.2,8.55,11.799999999999997,21.1,62.75,44.349999999999994,46.437979690441715,Medium Risk
445,Herrera High School,Texas,Private,High,17924.69,48.2,22.8,10.3,42.8,50.4,5.2,49.6,22.8,26.549999999999997,43.0,33.826787644835434,High Risk
446,Carroll High School,New York,Charter,High,5126.28,40.0,24.6,91.1,14.5,99.5,7.9,0.5,24.6,52.8,32.1,20.109122419075298,High Risk
447,Raymond Elementary School,Ohio,Charter,Elementary,16813.75,55.4,26.5,59.9,18.7,93.1,7.41,6.900000000000006,26.5,39.3,47.989999999999995,51.277287661490405,Medium Risk
448,Swanson Elementary School,Texas,Public,Elementary,6020.51,40.0,26.6,34.2,90.2,76.5,9.03,23.5,26.6,62.2,30.97,10.196866051500715,High Risk
449,Hill High School,Florida,Public,Middle,24406.3,74.7,12.3,27.7,22.7,78.1,0.5,21.900000000000006,12.3,25.2,74.2,91.77065920367393,Low Risk
450,Hunt Elementary School,Florida,Charter,Middle,12617.67,43.6,24.4,57.0,32.7,76.9,6.33,23.099999999999994,24.4,44.85,37.27,27.275312266794067,High Risk
451,Moss High School,Florida,Charter,Elementary,9099.77,40.0,24.5,66.2,63.0,60.5,10.02,39.5,24.5,64.6,29.98,8.64952163562918,High Risk
452,Cunningham High School,Georgia,Charter,Elementary,8154.29,40.0,19.2,89.6,60.2,74.4,10.38,25.599999999999994,19.2,74.9,29.619999999999997,13.856048380554558,High Risk
453,Green Middle School,North Carolina,Private,Middle,8569.4,45.0,24.9,65.5,65.7,89.3,6.97,10.700000000000003,24.9,65.6,38.03,25.15274113340962,High Risk
454,Anderson High School,Pennsylvania,Charter,Middle,10250.37,58.1,20.6,24.8,45.1,87.7,0.95,12.299999999999997,20.6,34.95,57.15,52.020703980529106,Medium Risk
455,Dennis High School,Ohio,Charter,Middle,23348.72,66.6,28.9,19.3,19.9,97.1,2.12,2.9000000000000057,28.9,19.6,64.47999999999999,77.66692685060363,Low Risk
456,Bishop Middle School,Ohio,Public,Middle,10539.69,40.0,27.2,14.6,44.0,57.5,6.6,42.5,27.2,29.3,33.4,14.138687807122107,High Risk
457,Mcdowell Elementary School,Ohio,Private,Elementary,15418.75,46.4,26.4,48.4,53.7,67.6,10.59,32.400000000000006,26.4,51.05,35.81,26.793210555601462,High Risk
458,Gibson High School,Georgia,Public,Elementary,7251.77,43.2,10.8,20.0,59.8,69.4,2.81,30.599999999999994,10.8,39.9,40.39,28.098192110039808,High Risk
459,Thompson High School,Pennsylvania,Public,High,23647.13,51.0,27.4,89.2,89.8,91.2,11.33,8.799999999999997,27.4,89.5,39.67,43.91580181410521,Medium Risk
460,Mckee Middle School,Texas,Charter,Elementary,7314.17,40.0,13.9,52.4,55.0,66.3,6.87,33.7,13.9,53.7,33.13,17.64893031567724,High Risk
461,Thomas Elementary School,New York,Charter,Middle,22980.07,59.9,19.1,80.9,53.8,96.3,5.9,3.700000000000003,19.1,67.35,54.0,66.11747499895206,Medium Risk
462,Copeland Middle School,California,Private,High,5928.37,40.0,21.4,87.3,22.8,88.9,6.96,11.099999999999994,21.4,55.05,33.04,19.321225737013723,High Risk
463,Potts Middle School,Texas,Public,High,20838.57,44.7,23.7,70.2,37.6,80.1,6.6,19.900000000000006,23.7,53.900000000000006,38.1,38.28875290720108,High Risk
464,Lee Middle School,Florida,Private,Middle,24491.68,42.8,26.2,45.6,84.2,62.7,9.58,37.3,26.2,64.9,33.22,29.848583658817407,High Risk
465,Woodard High School,Michigan,Private,Elementary,20753.33,56.2,21.6,19.0,40.5,77.8,3.44,22.200000000000003,21.6,29.75,52.760000000000005,57.4511209926618,Medium Risk
466,Lambert High School,Georgia,Private,High,21795.7,47.9,16.2,77.6,57.9,64.2,8.45,35.8,16.2,67.75,39.45,39.38751931082641,High Risk
467,Kelly Elementary School,Ohio,Private,Elementary,19612.89,47.7,19.8,35.9,57.3,52.7,5.39,47.3,19.8,46.599999999999994,42.31,34.842627552150965,High Risk
468,Richard Elementary School,North Carolina,Public,Elementary,7243.24,55.6,13.1,29.5,86.2,88.4,0.5,11.599999999999994,13.1,57.85,55.1,47.087673746522775,Medium Risk
469,Lowe Elementary School,New York,Public,High,19831.89,51.5,16.8,89.4,94.7,78.1,6.73,21.900000000000006,16.8,92.05000000000001,44.769999999999996,43.405100489222754,Medium Risk
470,Mitchell Elementary School,Georgia,Charter,Elementary,24895.76,69.1,15.3,10.3,9.0,78.4,0.5,21.599999999999994,15.3,9.65,68.6,86.00260869256473,Low Risk
471,Campbell High School,New York,Charter,Elementary,16600.84,52.6,18.8,76.7,76.1,98.5,5.44,1.5,18.8,76.4,47.160000000000004,49.677816900834884,Medium Risk
472,Carr Middle School,California,Charter,Middle,12509.36,40.0,26.8,18.8,58.8,50.5,9.34,49.5,26.8,38.8,30.66,11.676884628827898,High Risk
473,Carroll Elementary School,Illinois,Charter,Elementary,7138.51,40.0,17.9,94.5,76.3,80.8,9.57,19.200000000000003,17.9,85.4,30.43,14.562145810194114,High Risk
474,Smith Elementary School,Florida,Public,High,15009.82,40.0,27.2,46.8,41.4,58.0,6.5,42.0,27.2,44.099999999999994,33.5,17.48727981643848,High Risk
475,Rodriguez Elementary School,New York,Charter,Elementary,11528.83,40.0,30.0,66.8,73.4,76.1,9.97,23.900000000000006,30.0,70.1,30.03,12.957685336162568,High Risk
476,Giles Elementary School,Michigan,Public,High,11140.85,56.1,10.1,45.8,36.8,99.7,0.5,0.29999999999999716,10.1,41.3,55.6,60.16471230152485,Medium Risk
477,Lopez High School,Michigan,Public,Elementary,8813.09,51.3,10.1,58.1,32.2,81.4,5.56,18.599999999999994,10.1,45.150000000000006,45.739999999999995,42.43328394700958,Medium Risk
478,Villa High School,Texas,Public,Elementary,8649.96,40.0,21.1,44.0,51.0,80.6,3.95,19.400000000000006,21.1,47.5,36.05,22.164774748866343,High Risk
479,Guerra Middle School,North Carolina,Public,High,23683.21,70.3,11.3,36.6,6.1,81.8,0.5,18.200000000000003,11.3,21.35,69.8,87.94076170899008,Low Risk
480,Jones Elementary School,Ohio,Private,High,23284.76,75.0,28.3,11.4,88.4,97.4,2.14,2.5999999999999943,28.3,49.900000000000006,72.86,84.12519345323992,Low Risk
481,Lee Elementary School,Texas,Public,High,7012.78,40.0,21.0,29.2,58.1,57.4,7.5,42.6,21.0,43.65,32.5,11.212586924747328,High Risk
482,Bell High School,Florida,Public,Elementary,15823.87,62.7,19.3,18.8,39.5,81.4,1.42,18.599999999999994,19.3,29.15,61.28,63.26871304406647,Medium Risk
483,Jackson Elementary School,North Carolina,Public,High,22386.16,64.3,19.0,46.3,7.2,87.6,1.6,12.400000000000006,19.0,26.75,62.699999999999996,75.40826225067957,Low Risk
484,Castro Elementary School,North Carolina,Private,Middle,8362.24,48.7,11.1,25.4,86.2,72.3,3.28,27.700000000000003,11.1,55.8,45.42,34.53981194644262,High Risk
485,Patterson Elementary School,Ohio,Private,Middle,18853.83,56.2,25.8,30.3,32.2,85.4,4.0,14.599999999999994,25.8,31.25,52.2,54.999259615989764,Medium Risk
486,Rice High School,Illinois,Private,Elementary,7230.65,46.8,22.6,13.3,68.8,93.6,0.95,6.400000000000006,22.6,41.05,45.849999999999994,34.731305464445434,High Risk
487,Turner High School,North Carolina,Charter,Elementary,6176.17,40.0,28.2,74.9,88.8,90.2,10.44,9.799999999999997,28.2,81.85,29.560000000000002,10.852418169618986,High Risk
488,Hayes Middle School,Illinois,Private,High,10128.18,40.3,21.1,88.2,64.8,93.2,6.57,6.799999999999997,21.1,76.5,33.73,23.4257655128006,High Risk
489,Suarez Middle School,Ohio,Charter,High,8257.66,40.0,25.8,77.5,87.4,56.4,12.86,43.6,25.8,82.45,27.14,1.7518177219709656,High Risk
490,Baker High School,New York,Private,Middle,8014.98,40.0,11.8,76.8,41.9,65.5,8.01,34.5,11.8,59.349999999999994,31.990000000000002,18.103712493837552,High Risk
491,Fernandez High School,Ohio,Private,High,16179.94,64.3,15.3,19.3,49.4,83.8,0.5,16.200000000000003,15.3,34.35,63.8,68.48031444223862,Medium Risk
492,Hogan Elementary School,Illinois,Private,Middle,5883.7,47.4,23.7,10.2,68.3,94.4,1.71,5.599999999999994,23.7,39.25,45.69,33.45460764259913,High Risk
493,Santana High School,Texas,Private,High,9716.5,40.0,17.1,80.0,24.0,52.7,9.28,47.3,17.1,52.0,30.72,13.014458774884108,High Risk
494,Miller Middle School,Illinois,Public,Elementary,10442.89,51.6,21.9,12.6,34.3,80.4,0.59,19.599999999999994,21.9,23.45,51.01,42.753117361485664,Medium Risk
495,Smith Elementary School,New York,Charter,Middle,9316.56,47.1,10.8,52.6,7.6,77.6,2.63,22.400000000000006,10.8,30.1,44.47,39.549819732638,High Risk
496,Jones High School,Illinois,Charter,Middle,22737.04,56.8,10.4,75.6,41.8,56.1,5.35,43.9,10.4,58.699999999999996,51.449999999999996,54.565187722405085,Medium Risk
497,Gonzales Middle School,New York,Charter,High,20071.1,52.6,23.9,22.5,81.8,91.7,3.18,8.299999999999997,23.9,52.15,49.42,52.76140500607359,Medium Risk
498,Green High School,New York,Public,High,7215.76,40.0,28.0,48.7,48.4,86.4,5.44,13.599999999999994,28.0,48.55,34.56,17.710196740157492,High Risk
499,Smith Elementary School,Ohio,Private,Middle,16365.49,40.0,20.9,92.1,17.8,85.3,9.23,14.700000000000003,20.9,54.949999999999996,30.77,29.44865994995005,High Risk
500,Hernandez High School,Ohio,Charter,Middle,5664.88,40.0,17.7,56.8,12.5,79.2,4.0,20.799999999999997,17.7,34.65,36.0,21.943657107787452,High Risk
501,Cervantes Middle School,Illinois,Private,High,22107.28,74.7,10.2,38.3,23.5,86.9,0.5,13.099999999999994,10.2,30.9,74.2,92.5864617201962,Low Risk
502,Martinez High School,Florida,Charter,Elementary,13705.49,48.9,27.4,28.3,7.7,68.0,4.45,32.0,27.4,18.0,44.449999999999996,34.76343170624849,High Risk
503,Hunter Elementary School,Illinois,Private,Elementary,7487.38,40.0,19.8,11.0,67.3,50.7,7.71,49.3,19.8,39.15,32.29,10.66008150355951,High Risk
504,Ponce High School,California,Public,Middle,17376.31,40.0,14.2,74.1,90.5,58.7,10.1,41.3,14.2,82.3,29.9,21.08579580823131,High Risk
505,Dickson Elementary School,Michigan,Private,High,8588.45,40.0,29.6,48.0,56.9,77.4,7.9,22.599999999999994,29.6,52.45,32.1,13.606836541748962,High Risk
506,Carter Middle School,North Carolina,Private,Middle,19483.87,56.1,13.7,74.2,47.7,93.6,4.26,6.400000000000006,13.7,60.95,51.84,61.22266290239984,Medium Risk
507,Collins Middle School,Michigan,Charter,Elementary,8926.76,55.5,15.9,35.6,44.1,76.8,0.5,23.200000000000003,15.9,39.85,55.0,45.76269586349713,Medium Risk
508,Cruz Middle School,Texas,Charter,Middle,9136.39,40.0,26.0,88.5,12.7,57.8,11.7,42.2,26.0,50.6,28.3,8.071252629808475,High Risk
509,Wagner Elementary School,Ohio,Public,Middle,17460.02,47.0,12.3,70.6,70.3,70.7,9.15,29.299999999999997,12.3,70.44999999999999,37.85,37.08542611774812,High Risk
510,Peterson High School,North Carolina,Charter,High,19319.02,58.3,13.9,16.9,30.6,51.5,2.92,48.5,13.9,23.75,55.379999999999995,54.75117737124686,Medium Risk
511,Hensley Middle School,Pennsylvania,Charter,Elementary,18396.07,43.1,21.3,63.1,43.7,76.5,7.3,23.5,21.3,53.400000000000006,35.800000000000004,33.39319867562881,High Risk
512,Smith Elementary School,Florida,Public,High,12295.52,47.1,18.2,38.1,26.6,74.1,4.76,25.900000000000006,18.2,32.35,42.34,36.23818125039337,High Risk
513,Curry Middle School,Georgia,Public,High,19980.84,63.6,15.2,16.7,18.4,71.7,1.29,28.299999999999997,15.2,17.549999999999997,62.31,69.85699870517037,Medium Risk
514,Mercado Elementary School,North Carolina,Private,High,7794.44,40.0,29.5,41.0,65.1,74.3,5.66,25.700000000000003,29.5,53.05,34.34,12.591684754879338,High Risk
515,Mendez Middle School,Illinois,Private,High,6712.11,40.0,26.9,25.7,47.4,60.0,5.37,40.0,26.9,36.55,34.63,10.293466969211972,High Risk
516,Powell Elementary School,Ohio,Charter,High,22563.27,54.8,14.2,79.0,83.1,74.4,7.16,25.599999999999994,14.2,81.05,47.64,52.160497863219476,Medium Risk
517,Hampton Middle School,Florida,Private,Elementary,15236.52,55.3,23.7,13.0,19.1,71.1,1.67,28.900000000000006,23.7,16.05,53.629999999999995,49.10871950425854,Medium Risk
518,Schultz Middle School,Texas,Public,Elementary,5901.92,40.0,24.7,11.0,77.0,64.5,7.48,35.5,24.7,44.0,32.519999999999996,10.209903917869422,High Risk
519,Mendoza Middle School,Florida,Charter,High,22177.28,61.2,13.0,65.6,79.8,79.1,4.03,20.900000000000006,13.0,72.69999999999999,57.17,64.43714571804182,Medium Risk
520,Thomas Middle School,Texas,Private,High,17262.97,43.0,24.9,84.4,65.5,61.8,9.24,38.2,24.9,74.95,33.76,20.918473794313478,High Risk
521,Stevens Middle School,Ohio,Private,Elementary,17356.53,51.6,11.6,14.9,56.6,54.9,1.48,45.1,11.6,35.75,50.120000000000005,45.76878009115736,Medium Risk
522,Foster Elementary School,Texas,Public,High,22895.34,44.3,25.5,45.5,63.2,53.8,5.89,46.2,25.5,54.35,38.41,30.269694476284307,High Risk
523,Martin Middle School,California,Private,Elementary,20741.08,55.0,28.8,58.6,81.3,86.3,6.66,13.700000000000003,28.8,69.95,48.34,47.74042819979371,Medium Risk
524,Schroeder Middle School,Georgia,Public,High,23784.47,58.9,23.7,36.0,68.9,80.9,3.8,19.099999999999994,23.7,52.45,55.1,60.825680431543056,Medium Risk
525,Lucas High School,California,Charter,Middle,6395.51,41.5,19.7,85.8,22.4,88.4,6.75,11.599999999999994,19.7,54.099999999999994,34.75,22.7348832154516,High Risk
526,Sweeney Elementary School,New York,Private,High,7964.41,40.0,26.5,36.4,88.1,53.4,10.93,46.6,26.5,62.25,29.07,3.6296962042374776,High Risk
527,Miller Elementary School,New York,Private,Middle,14667.99,54.8,23.8,27.4,83.7,81.0,5.48,19.0,23.8,55.55,49.31999999999999,44.035375636640524,Medium Risk
528,Williams Elementary School,New York,Private,Elementary,16355.89,48.1,23.0,53.7,55.9,78.7,6.13,21.299999999999997,23.0,54.8,41.97,37.263499785214755,High Risk
529,Houston Elementary School,Ohio,Public,Middle,15207.97,52.8,13.8,17.4,80.0,61.4,0.77,38.6,13.8,48.7,52.029999999999994,44.25775576361729,Medium Risk
530,Evans Elementary School,Florida,Charter,High,14713.27,43.9,26.2,94.9,39.6,81.0,10.87,19.0,26.2,67.25,33.03,25.312024101065084,High Risk
531,Hopkins High School,New York,Private,High,23305.84,46.6,18.6,60.9,82.7,51.4,10.11,48.6,18.6,71.8,36.49,32.40850772658068,High Risk
532,Mccoy Middle School,Pennsylvania,Charter,Elementary,22658.61,48.7,26.2,44.8,65.1,71.4,7.49,28.599999999999994,26.2,54.949999999999996,41.21,40.28489958256528,Medium Risk
533,Wolfe Elementary School,Texas,Private,Middle,8881.62,40.0,11.4,86.8,57.7,73.7,9.19,26.299999999999997,11.4,72.25,30.810000000000002,19.86902337101766,High Risk
534,Sweeney High School,Illinois,Public,High,7961.54,40.0,18.6,48.1,71.2,62.4,6.35,37.6,18.6,59.650000000000006,33.65,13.73647988333514,High Risk
535,Howard High School,Ohio,Charter,Elementary,13048.54,41.1,22.4,30.2,55.1,76.3,7.67,23.700000000000003,22.4,42.65,33.43,25.364810560266804,High Risk
536,Horn Middle School,Florida,Public,Elementary,21000.4,61.5,20.7,19.3,69.0,74.4,1.32,25.599999999999994,20.7,44.15,60.18,62.52593332807835,Medium Risk
537,Walsh Elementary School,New York,Public,Middle,11314.29,40.0,27.0,45.3,86.9,78.7,8.79,21.299999999999997,27.0,66.1,31.21,16.43057832533781,High Risk
538,Abbott High School,California,Private,Elementary,24391.42,63.3,12.0,78.8,58.2,75.9,2.92,24.099999999999994,12.0,68.5,60.379999999999995,70.12192542480575,Low Risk
539,Garcia High School,New York,Public,Middle,10273.32,40.0,18.8,54.1,80.6,58.2,7.76,41.8,18.8,67.35,32.24,13.142322873499685,High Risk
540,Martinez Middle School,North Carolina,Charter,High,24453.33,58.8,24.0,38.6,37.9,82.8,5.31,17.200000000000003,24.0,38.25,53.489999999999995,63.252180373281206,Medium Risk
541,Ponce Middle School,Michigan,Private,Middle,14253.69,40.0,17.5,78.5,65.8,58.3,9.95,41.7,17.5,72.15,30.05,16.89280334130464,High Risk
542,Thompson Elementary School,Ohio,Charter,Middle,10422.95,40.1,16.7,84.1,51.7,94.6,7.64,5.400000000000006,16.7,67.9,32.46,27.263694469990224,High Risk
543,Rogers Elementary School,Georgia,Charter,High,10379.77,44.0,16.2,20.6,26.8,50.3,5.28,49.7,16.2,23.700000000000003,38.72,24.08351371756462,High Risk
544,Diaz High School,Michigan,Private,High,5360.83,41.8,15.2,24.8,90.5,80.5,3.48,19.5,15.2,57.65,38.32,22.741543126470354,High Risk
545,Richardson Elementary School,New York,Private,High,14951.05,40.0,14.9,84.3,43.4,53.0,11.93,47.0,14.9,63.849999999999994,28.07,17.62537078224758,High Risk
546,Fisher Middle School,California,Charter,Middle,23198.11,57.1,29.2,35.4,38.7,82.5,4.21,17.5,29.2,37.05,52.89,57.26433001664955,Medium Risk
547,Wells High School,Ohio,Private,Elementary,18941.6,48.0,25.1,53.1,42.0,68.2,5.35,31.799999999999997,25.1,47.55,42.65,36.63234028545751,High Risk
548,Donaldson Elementary School,Texas,Public,Elementary,9772.35,40.0,26.3,26.3,39.1,50.4,7.14,49.6,26.3,32.7,32.86,10.592741253192651,High Risk
549,Patrick Elementary School,California,Private,Elementary,22742.65,68.2,21.7,16.3,39.4,83.8,0.89,16.200000000000003,21.7,27.85,67.31,77.88273395972742,Low Risk
550,Wall High School,Texas,Public,High,16853.7,49.4,13.1,40.3,92.9,52.3,7.01,47.7,13.1,66.6,42.39,33.96711115317708,High Risk
551,Sanchez High School,New York,Charter,Elementary,21935.74,56.2,28.8,44.7,29.3,81.0,3.32,19.0,28.8,37.0,52.88,54.81701647760277,Medium Risk
552,Brown Elementary School,Ohio,Public,High,15562.27,47.2,10.5,84.2,59.1,67.1,6.72,32.900000000000006,10.5,71.65,40.480000000000004,35.848356637298814,High Risk
553,Walters Middle School,Georgia,Private,Middle,24158.05,64.7,19.8,36.1,33.9,78.8,1.48,21.200000000000003,19.8,35.0,63.220000000000006,73.3457524682937,Low Risk
554,Diaz Elementary School,Ohio,Charter,Elementary,7556.05,44.1,20.4,76.7,12.5,78.1,6.81,21.900000000000006,20.4,44.6,37.29,24.572051561442898,High Risk
555,Strong Elementary School,Georgia,Private,Elementary,17592.28,40.2,26.9,81.6,63.9,76.0,8.92,24.0,26.9,72.75,31.28,22.091233555231543,High Risk
556,Barrera High School,Pennsylvania,Public,Middle,16969.88,40.0,21.9,90.1,34.8,61.6,10.37,38.4,21.9,62.449999999999996,29.630000000000003,19.79465986391495,High Risk
557,Rice Middle School,Pennsylvania,Public,High,21368.94,54.6,11.2,75.7,63.4,82.2,4.01,17.799999999999997,11.2,69.55,50.59,57.98117399656884,Medium Risk
558,Stone Elementary School,Florida,Public,High,16441.31,42.8,28.1,63.5,38.9,89.4,8.19,10.599999999999994,28.1,51.2,34.61,31.20957653300379,High Risk
559,Moss Elementary School,Florida,Charter,Elementary,15765.31,40.6,23.5,37.7,75.4,69.3,8.2,30.700000000000003,23.5,56.550000000000004,32.400000000000006,22.67201484484378,High Risk
560,Cohen Elementary School,Ohio,Charter,High,19511.97,49.5,15.2,89.1,91.3,95.3,6.34,4.700000000000003,15.2,90.19999999999999,43.16,47.911741489686996,Medium Risk
561,Pope Middle School,North Carolina,Private,Middle,18980.84,57.9,28.5,31.9,7.7,93.0,1.85,7.0,28.5,19.8,56.05,60.85492986135518,Medium Risk
562,Kidd Middle School,New York,Charter,Elementary,19492.29,42.7,25.9,68.5,5.1,51.2,10.54,48.8,25.9,36.8,32.160000000000004,23.575503004771775,High Risk
563,Garner High School,Illinois,Private,Middle,6181.26,45.2,20.6,43.3,46.9,100.0,2.03,0.0,20.6,45.099999999999994,43.17,33.88849627745675,High Risk
564,Hall High School,North Carolina,Private,Elementary,8365.77,47.9,21.8,29.4,14.5,99.6,0.5,0.4000000000000057,21.8,21.95,47.4,42.78538393770909,Medium Risk
565,Spencer Elementary School,Texas,Public,Middle,5675.25,41.8,17.3,61.7,50.6,84.7,4.63,15.299999999999997,17.3,56.150000000000006,37.169999999999995,23.04003334893215,High Risk
566,Smith Middle School,Pennsylvania,Private,Middle,21193.26,50.4,25.5,91.0,88.2,90.8,8.27,9.200000000000003,25.5,89.6,42.129999999999995,42.658470326209844,Medium Risk
567,Rodriguez Middle School,Georgia,Charter,High,24739.15,56.6,15.3,87.0,72.6,83.3,5.09,16.700000000000003,15.3,79.8,51.510000000000005,60.44100500735601,Medium Risk
568,Hernandez Elementary School,Michigan,Private,High,21016.89,62.0,12.0,42.5,86.7,92.5,1.28,7.5,12.0,64.6,60.72,71.6578872525079,Low Risk
569,Parker Middle School,Georgia,Private,High,10167.94,48.8,11.4,54.9,11.8,71.5,4.76,28.5,11.4,33.35,44.04,38.7471795493294,High Risk
570,Hill High School,Illinois,Charter,High,17127.44,48.3,29.2,55.6,73.9,92.0,4.83,8.0,29.2,64.75,43.47,38.63809285816034,High Risk
571,Boyd Middle School,Michigan,Private,Middle,15685.52,40.0,28.7,20.5,91.5,54.9,8.75,45.1,28.7,56.0,31.25,13.668438187062142,High Risk
572,Martin Elementary School,Texas,Private,Middle,15104.98,49.1,16.9,50.6,49.9,74.8,4.78,25.200000000000003,16.9,50.25,44.32,40.44981147138161,Medium Risk
573,Perez Middle School,Michigan,Private,Middle,7496.69,40.0,13.7,87.5,92.9,90.1,8.0,9.900000000000006,13.7,90.2,32.0,20.67473891576263,High Risk
574,Vazquez Middle School,North Carolina,Public,Elementary,18587.73,49.5,27.9,16.1,41.7,72.9,4.44,27.099999999999994,27.9,28.900000000000002,45.06,41.061670314324374,Medium Risk
575,Patel High School,North Carolina,Public,Elementary,17026.8,42.4,24.1,90.7,7.4,72.6,7.98,27.400000000000006,24.1,49.050000000000004,34.42,28.273281839346268,High Risk
576,Sawyer High School,Michigan,Private,Middle,23266.81,41.0,25.1,74.0,83.1,68.3,9.16,31.700000000000003,25.1,78.55,31.84,27.103689271405468,High Risk
577,Gilbert Elementary School,Michigan,Charter,Middle,7886.68,47.7,22.7,48.1,45.7,91.1,4.46,8.900000000000006,22.7,46.900000000000006,43.24,33.28161120160773,High Risk
578,Juarez Elementary School,California,Private,High,18027.26,54.2,24.9,78.6,30.6,91.8,7.51,8.200000000000003,24.9,54.599999999999994,46.690000000000005,49.52486399884482,Medium Risk
579,Kaufman Elementary School,New York,Private,Elementary,15178.78,42.2,18.3,49.0,54.3,56.7,5.12,43.3,18.3,51.65,37.080000000000005,24.648178732844933,High Risk
580,Garcia Elementary School,Texas,Charter,Elementary,24540.9,65.6,24.9,41.4,14.7,89.4,2.5,10.599999999999994,24.9,28.049999999999997,63.099999999999994,76.12447343477662,Low Risk
581,Smith Middle School,Georgia,Private,High,12624.09,40.0,12.3,45.5,16.2,61.3,6.72,38.7,12.3,30.85,33.28,26.222891837277935,High Risk
582,Rodriguez High School,Ohio,Public,High,9551.58,40.0,22.0,46.6,46.7,82.1,5.67,17.900000000000006,22.0,46.650000000000006,34.33,22.55470753499115,High Risk
583,Scott High School,Texas,Public,High,5557.04,40.0,26.8,60.8,87.0,66.5,10.97,33.5,26.8,73.9,29.03,3.5822431518394318,High Risk
584,Wilson Elementary School,Michigan,Private,Elementary,21985.55,57.2,16.3,32.1,50.2,74.5,1.81,25.5,16.3,41.150000000000006,55.39,61.177292317104595,Medium Risk
585,Benson High School,Texas,Charter,High,16795.47,57.9,27.3,44.6,9.2,97.1,2.57,2.9000000000000057,27.3,26.9,55.33,59.13342336221806,Medium Risk
586,Tanner Middle School,Michigan,Public,Elementary,24643.68,62.3,29.2,49.6,90.5,82.5,4.19,17.5,29.2,70.05,58.11,60.746228978849594,Medium Risk
587,Clay Middle School,Florida,Charter,Elementary,19588.2,54.8,17.7,18.4,24.3,68.1,0.5,31.900000000000006,17.7,21.35,54.3,55.75968789830945,Medium Risk
588,Green Middle School,Texas,Public,High,11152.11,43.0,23.0,50.8,55.1,94.4,6.16,5.599999999999994,23.0,52.95,36.84,30.68070630508175,High Risk
589,Tucker Elementary School,Georgia,Private,Middle,6794.44,40.0,11.3,48.8,71.0,66.0,4.8,34.0,11.3,59.9,35.2,18.517700955793785,High Risk
590,Jackson Middle School,Texas,Private,High,15986.0,50.5,23.3,21.3,67.6,51.7,5.95,48.3,23.3,44.449999999999996,44.55,31.74339948005189,High Risk
591,Donaldson Middle School,Michigan,Private,Elementary,6852.91,40.0,15.5,83.9,56.2,58.4,8.43,41.6,15.5,70.05000000000001,31.57,10.482680832617348,High Risk
592,Gallegos Middle School,Florida,Public,Elementary,17125.75,50.7,23.3,48.1,73.4,82.7,3.95,17.299999999999997,23.3,60.75,46.75,42.70906526659148,Medium Risk
593,Short Elementary School,Texas,Charter,Middle,8044.86,56.6,15.3,39.9,52.6,95.0,0.94,5.0,15.3,46.25,55.660000000000004,51.66762148662187,Medium Risk
594,Martin Middle School,Texas,Private,High,5934.15,40.0,26.2,48.5,55.5,81.3,6.22,18.700000000000003,26.2,52.0,33.78,14.668391260923174,High Risk
595,Morgan Elementary School,New York,Public,Elementary,17817.89,43.6,19.2,53.4,38.0,65.7,7.4,34.3,19.2,45.7,36.2,31.823229470453747,High Risk
596,Huff Middle School,Florida,Public,Elementary,11360.92,40.0,27.2,12.7,93.3,68.9,6.98,31.099999999999994,27.2,53.0,33.019999999999996,15.59446383776308,High Risk
597,Ortiz High School,Ohio,Private,High,24702.86,56.5,22.0,21.8,67.5,61.6,5.06,38.4,22.0,44.65,51.44,53.750228280647,Medium Risk
598,Young Middle School,Florida,Public,Middle,15878.01,45.0,28.6,83.6,55.0,90.2,9.28,9.799999999999997,28.6,69.3,35.72,30.24345438643826,High Risk
599,Johnson High School,Illinois,Private,Middle,11880.67,58.8,11.4,52.8,6.3,99.6,1.68,0.4000000000000057,11.4,29.549999999999997,57.12,64.63838721779824,Medium Risk
600,Walker High School,Illinois,Charter,High,21353.04,52.5,15.0,75.4,10.2,87.5,2.95,12.5,15.0,42.800000000000004,49.55,59.21268951017106,Medium Risk
601,King Elementary School,Florida,Public,High,6672.14,45.9,21.0,11.2,77.9,81.0,2.9,19.0,21.0,44.550000000000004,43.0,28.17427458663273,High Risk
602,Payne Elementary School,Florida,Public,Elementary,10947.39,41.9,28.0,65.8,7.5,99.4,7.24,0.5999999999999943,28.0,36.65,34.66,29.71164892392342,High Risk
603,Bailey Middle School,Georgia,Charter,Elementary,8276.1,54.8,12.7,23.9,32.4,77.1,2.43,22.900000000000006,12.7,28.15,52.37,46.86005713594423,Medium Risk
604,Sherman High School,Pennsylvania,Charter,High,19997.83,50.0,16.0,85.0,55.7,84.7,4.94,15.299999999999997,16.0,70.35,45.06,48.322591337327324,Medium Risk
605,Simpson Middle School,Ohio,Charter,Middle,13436.12,41.6,23.3,26.9,24.5,58.8,5.89,41.2,23.3,25.7,35.71,22.978315206198914,High Risk
606,Herrera Middle School,Texas,Public,Middle,23848.15,67.7,10.6,34.7,24.4,65.9,2.65,34.099999999999994,10.6,29.55,65.05,77.73384306305927,Low Risk
607,Ray Elementary School,Pennsylvania,Private,Middle,19833.66,51.5,11.3,63.2,70.3,51.8,8.0,48.2,11.3,66.75,43.5,40.393619876176146,Medium Risk
608,Russell High School,New York,Public,High,15946.73,57.0,17.7,15.9,45.3,70.9,2.16,29.099999999999994,17.7,30.599999999999998,54.84,53.179738094378855,Medium Risk
609,Thompson Middle School,California,Public,Elementary,21277.18,43.8,25.8,17.6,67.0,54.0,6.86,46.0,25.8,42.3,36.94,28.91128937204532,High Risk
610,Marshall High School,Ohio,Charter,Middle,5611.5,47.1,14.1,44.3,50.5,90.5,2.15,9.5,14.1,47.4,44.95,35.64523842913077,High Risk
611,Brown Elementary School,Illinois,Public,Elementary,21114.49,49.9,21.7,87.5,48.4,96.9,6.97,3.0999999999999943,21.7,67.95,42.93,49.851708293686045,Medium Risk
612,Moss Elementary School,Illinois,Charter,Middle,19867.04,51.8,18.4,33.1,43.9,51.4,5.59,48.6,18.4,38.5,46.209999999999994,41.54787259013647,Medium Risk
613,Hood Middle School,Florida,Public,High,12569.89,46.2,17.6,36.7,86.5,93.0,3.22,7.0,17.6,61.6,42.980000000000004,39.00210930864123,High Risk
614,Brown Middle School,North Carolina,Charter,Middle,5036.13,40.0,26.2,60.9,75.0,95.9,7.12,4.099999999999994,26.2,67.95,32.88,16.082288245262966,High Risk
615,Cooke Elementary School,Texas,Private,Middle,24492.1,57.2,17.5,71.8,83.1,92.0,4.17,8.0,17.5,77.44999999999999,53.03,63.37489204471106,Medium Risk
616,Williams Elementary School,California,Charter,Elementary,22025.13,53.8,12.8,87.8,61.1,94.0,5.66,6.0,12.8,74.45,48.14,59.512249241144026,Medium Risk
617,Smith Middle School,Ohio,Public,Middle,6815.96,40.0,14.0,56.3,62.7,56.5,11.41,43.5,14.0,59.5,28.59,10.770601011411934,High Risk
618,Gonzalez High School,New York,Private,High,22589.03,64.9,15.9,14.8,94.5,76.3,0.5,23.700000000000003,15.9,54.65,64.4,70.88018951830594,Low Risk
619,Hudson High School,Michigan,Private,Middle,11060.5,40.6,20.0,62.9,63.2,86.6,6.96,13.400000000000006,20.0,63.05,33.64,24.906243326364503,High Risk
620,Gay Middle School,North Carolina,Private,High,9267.77,59.4,15.7,16.3,55.9,91.4,0.5,8.599999999999994,15.7,36.1,58.9,56.635358593207314,Medium Risk
621,Flores Middle School,New York,Charter,Elementary,19996.34,59.3,14.0,46.6,18.4,80.0,2.66,20.0,14.0,32.5,56.64,65.49910415342197,Medium Risk
622,Ramos Middle School,North Carolina,Charter,Middle,21648.82,45.8,28.2,51.7,21.7,53.7,9.32,46.3,28.2,36.7,36.48,29.969122084220785,High Risk
623,Williams Elementary School,Michigan,Public,Elementary,12661.46,50.1,25.7,38.7,48.4,94.3,4.67,5.700000000000003,25.7,43.55,45.43,41.49763522994262,Medium Risk
624,Medina Elementary School,Ohio,Public,High,13510.04,48.9,18.9,35.2,12.9,76.9,4.68,23.099999999999994,18.9,24.05,44.22,41.60154827652359,Medium Risk
625,Crawford Elementary School,California,Public,High,8225.48,40.0,24.2,66.8,55.5,64.2,10.1,35.8,24.2,61.15,29.9,9.535943915433409,High Risk
626,Bridges Elementary School,Georgia,Public,High,17564.01,57.3,15.9,33.4,22.6,81.2,2.82,18.799999999999997,15.9,28.0,54.48,60.10053109577276,Medium Risk
627,Reed Middle School,North Carolina,Charter,Elementary,20819.92,48.1,16.0,55.9,40.2,52.0,4.66,48.0,16.0,48.05,43.44,38.813167738624465,High Risk
628,James High School,Illinois,Charter,Middle,18704.15,74.8,12.8,11.4,14.1,88.8,0.5,11.200000000000003,12.8,12.75,74.3,90.43440596978823,Low Risk
629,Duran High School,California,Public,Middle,23672.47,49.9,20.7,76.6,59.3,79.6,7.95,20.400000000000006,20.7,67.94999999999999,41.949999999999996,46.94971220401818,Medium Risk
630,Schmidt Middle School,Texas,Private,Middle,19281.68,40.0,20.9,76.4,94.6,59.4,12.54,40.6,20.9,85.5,27.46,18.122022752967187,High Risk
631,Salazar Middle School,Texas,Public,Elementary,15527.4,47.7,17.3,80.4,53.7,65.3,7.21,34.7,17.3,67.05000000000001,40.49,32.27898344023373,High Risk
632,Estrada Middle School,Florida,Private,High,14011.98,59.1,15.2,16.6,89.1,60.8,2.16,39.2,15.2,52.849999999999994,56.94,48.36931484119772,Medium Risk
633,Jones Middle School,Michigan,Public,High,6429.0,40.0,24.0,42.1,85.3,63.0,8.75,37.0,24.0,63.7,31.25,7.406812584887558,High Risk
634,Montgomery High School,North Carolina,Private,High,19890.29,40.0,21.2,71.0,31.8,50.4,10.5,49.6,21.2,51.4,29.5,21.167929708840447,High Risk
635,Jackson Elementary School,Michigan,Charter,High,22400.32,49.6,10.4,91.6,55.4,62.0,8.69,38.0,10.4,73.5,40.910000000000004,43.857147782920556,Medium Risk
636,Harris Elementary School,Georgia,Charter,Middle,24533.7,61.4,16.4,59.8,94.7,91.4,4.98,8.599999999999994,16.4,77.25,56.42,68.65789650490555,Medium Risk
637,Russell Middle School,California,Charter,High,16921.39,52.7,15.2,71.2,72.3,93.6,2.44,6.400000000000006,15.2,71.75,50.260000000000005,52.54460600581141,Medium Risk
638,Strickland Elementary School,Illinois,Charter,Elementary,12580.37,40.0,25.0,15.5,49.0,55.4,7.85,44.6,25.0,32.25,32.15,16.077063331523732,High Risk
639,Porter Middle School,New York,Private,High,21824.91,61.9,12.8,15.7,47.7,51.3,2.46,48.7,12.8,31.700000000000003,59.44,61.735494963646474,Medium Risk
640,Lewis Elementary School,California,Public,Elementary,22814.68,71.1,10.2,32.0,79.7,88.7,0.5,11.299999999999997,10.2,55.85,70.6,86.16797163498254,Low Risk
641,Garrett High School,Ohio,Public,High,21898.02,40.0,28.1,61.4,57.1,63.4,8.57,36.6,28.1,59.25,31.43,23.794641815736945,High Risk
642,Thompson Elementary School,Illinois,Public,High,18790.12,51.0,16.4,68.3,5.9,58.1,7.55,41.9,16.4,37.1,43.45,42.116300653633544,Medium Risk
643,Robles Middle School,California,Public,Middle,15474.18,52.4,13.4,61.7,53.5,56.3,3.92,43.7,13.4,57.6,48.48,39.890767888052174,High Risk
644,Collins Middle School,Georgia,Private,Middle,10805.01,44.3,27.4,55.3,48.5,97.3,6.49,2.700000000000003,27.4,51.9,37.809999999999995,30.32889969764514,High Risk
645,Ibarra High School,Georgia,Charter,Elementary,13074.9,46.7,17.5,73.5,58.1,95.4,3.54,4.599999999999994,17.5,65.8,43.160000000000004,40.36502482622161,Medium Risk
646,Taylor High School,North Carolina,Private,Elementary,16298.02,40.0,26.3,61.4,60.0,56.2,10.82,43.8,26.3,60.7,29.18,14.637142167083535,High Risk
647,Martinez High School,Texas,Private,Middle,8040.55,40.0,28.1,63.2,93.2,97.0,7.7,3.0,28.1,78.2,32.3,17.166431039711227,High Risk
648,Hayes Elementary School,Texas,Charter,High,21529.9,53.5,12.5,91.6,24.7,96.6,5.71,3.4000000000000057,12.5,58.15,47.79,61.8815155399723,Medium Risk
649,Copeland Elementary School,California,Private,High,19617.44,54.6,14.0,45.1,41.9,61.0,4.47,39.0,14.0,43.5,50.13,50.37482157364735,Medium Risk
650,Estrada Elementary School,California,Charter,Elementary,19772.47,49.7,29.2,32.2,65.8,77.8,5.15,22.200000000000003,29.2,49.0,44.550000000000004,40.52592670100747,Medium Risk
651,Lewis Middle School,Florida,Private,Middle,17981.18,51.2,25.4,84.2,59.1,83.0,7.97,17.0,25.4,71.65,43.230000000000004,39.88722772253849,High Risk
652,Flores High School,Illinois,Charter,High,21396.45,61.0,14.8,25.1,9.7,63.6,3.23,36.4,14.8,17.4,57.77,64.88325732091862,Medium Risk
653,Olson Middle School,Ohio,Private,Middle,9336.24,51.5,29.8,16.9,48.6,89.1,3.87,10.900000000000006,29.8,32.75,47.63,37.037436344960646,High Risk
654,Rodriguez High School,Ohio,Charter,Elementary,23706.02,57.7,19.1,48.0,31.3,81.4,2.91,18.599999999999994,19.1,39.65,54.790000000000006,64.27180048379407,Medium Risk
655,Brown High School,North Carolina,Public,Middle,19150.04,57.8,14.4,35.2,10.9,57.7,3.08,42.3,14.4,23.05,54.72,55.83078332110346,Medium Risk
656,Taylor Middle School,New York,Private,Elementary,13518.15,40.8,13.6,77.0,10.9,51.4,7.0,48.6,13.6,43.95,33.8,22.11087076840431,High Risk
657,Cook Middle School,Michigan,Public,High,13214.73,40.0,28.6,58.7,88.1,87.9,8.85,12.099999999999994,28.6,73.4,31.15,19.86231048645198,High Risk
658,King Elementary School,Florida,Private,Elementary,11618.59,41.4,14.9,76.3,60.6,73.6,5.69,26.400000000000006,14.9,68.45,35.71,24.79333589539833,High Risk
659,Vasquez Middle School,New York,Public,Middle,11296.11,48.3,12.8,45.0,79.9,64.5,6.38,35.5,12.8,62.45,41.919999999999995,31.445990527557072,High Risk
660,Perry High School,Georgia,Private,Middle,12574.16,43.3,22.3,57.6,85.1,90.4,6.56,9.599999999999994,22.3,71.35,36.739999999999995,28.98500384833156,High Risk
661,Howard High School,Michigan,Charter,Elementary,23231.52,50.1,23.0,77.0,54.6,94.9,9.21,5.099999999999994,23.0,65.8,40.89,50.39518312863614,Medium Risk
662,Johnson High School,Texas,Charter,High,14722.07,49.1,27.5,28.7,21.1,79.1,3.08,20.900000000000006,27.5,24.9,46.02,39.64062643567302,High Risk
663,Vazquez Elementary School,New York,Public,Elementary,8739.23,40.0,24.6,79.3,13.6,76.7,8.74,23.299999999999997,24.6,46.449999999999996,31.259999999999998,16.88433829840938,High Risk
664,Gilbert High School,California,Public,Middle,23023.41,58.5,18.1,50.9,52.5,79.8,6.07,20.200000000000003,18.1,51.7,52.43,61.39594576453309,Medium Risk
665,Jones High School,Florida,Charter,Elementary,18622.82,51.6,14.3,40.9,33.8,55.2,6.55,44.8,14.3,37.349999999999994,45.050000000000004,43.279864448567274,Medium Risk
666,Gomez Elementary School,Georgia,Private,Elementary,13137.96,40.0,22.1,82.4,26.8,72.8,8.43,27.200000000000003,22.1,54.6,31.57,21.084323585558856,High Risk
667,Glover Elementary School,Texas,Public,High,18129.79,40.0,14.9,59.2,94.7,57.4,9.14,42.6,14.9,76.95,30.86,22.274669765165278,High Risk
668,Green Middle School,Ohio,Charter,Elementary,21341.55,56.1,10.5,80.6,75.0,74.2,6.02,25.799999999999997,10.5,77.8,50.08,55.36954245431343,Medium Risk
669,Krueger Middle School,Michigan,Private,High,9747.71,48.1,29.4,14.8,15.1,97.8,2.11,2.200000000000003,29.4,14.95,45.99,39.856866026178096,High Risk
670,Byrd Middle School,North Carolina,Private,High,7292.48,40.0,23.5,49.5,57.6,80.5,5.92,19.5,23.5,53.55,34.08,17.446498167413747,High Risk
671,Williams Middle School,Illinois,Public,Middle,16143.85,40.0,22.7,78.2,56.3,54.7,11.34,45.3,22.7,67.25,28.66,14.879814495363199,High Risk
672,Lee Elementary School,Texas,Private,High,8963.37,49.7,15.0,16.4,78.4,78.5,0.5,21.5,15.0,47.400000000000006,49.2,38.76829343963719,High Risk
673,Newman Elementary School,North Carolina,Public,High,23961.1,55.0,29.3,22.2,61.9,76.1,4.92,23.900000000000006,29.3,42.05,50.08,52.28673820524347,Medium Risk
674,Lee Middle School,California,Public,Elementary,6721.91,40.0,10.1,43.4,48.3,69.4,5.06,30.599999999999994,10.1,45.849999999999994,34.94,22.136472948895296,High Risk
675,Melton Middle School,Ohio,Public,High,9632.48,49.7,21.7,17.5,26.6,73.6,2.67,26.400000000000006,21.7,22.05,47.03,36.50297967125856,High Risk
676,Massey Middle School,Georgia,Public,High,22534.13,65.0,22.0,53.4,20.8,98.4,0.5,1.5999999999999943,22.0,37.1,64.5,77.5107095317524,Low Risk
677,Moyer Middle School,Michigan,Charter,High,15446.53,56.7,29.4,47.7,57.0,90.6,6.29,9.400000000000006,29.4,52.35,50.410000000000004,47.43584196470161,Medium Risk
678,Yoder Elementary School,Michigan,Private,Middle,18459.54,43.9,14.0,81.8,65.4,52.7,10.43,47.3,14.0,73.6,33.47,26.206153763507803,High Risk
679,Conway Middle School,Florida,Private,Middle,5635.94,42.3,16.7,57.7,17.2,84.2,3.78,15.799999999999997,16.7,37.45,38.519999999999996,26.751292191250506,High Risk
680,Moore Middle School,North Carolina,Public,High,11340.88,40.0,14.7,61.2,46.6,62.5,7.18,37.5,14.7,53.900000000000006,32.82,20.366081882772395,High Risk
681,Hernandez High School,New York,Private,Elementary,22010.51,61.6,27.4,59.9,13.9,96.5,1.94,3.5,27.4,36.9,59.660000000000004,68.33876026557388,Medium Risk
682,Watkins High School,New York,Public,High,23783.56,52.5,24.3,55.4,72.9,62.2,7.05,37.8,24.3,64.15,45.45,43.07117113052723,Medium Risk
683,Hall High School,Texas,Public,High,17487.74,58.4,24.5,27.2,35.6,77.3,2.57,22.700000000000003,24.5,31.4,55.83,54.67246910141403,Medium Risk
684,Nicholson Middle School,Texas,Public,Elementary,24864.7,51.6,14.4,67.9,65.7,56.5,9.29,43.5,14.4,66.80000000000001,42.31,45.59719476076408,Medium Risk
685,Warren Middle School,Florida,Private,High,19064.09,57.9,11.6,61.9,11.0,82.4,1.69,17.599999999999994,11.6,36.45,56.21,64.81454020439894,Medium Risk
686,Bauer High School,Ohio,Private,Elementary,17791.31,40.0,21.8,89.2,9.7,54.0,12.06,46.0,21.8,49.45,27.939999999999998,19.207668357691343,High Risk
687,Campbell Elementary School,Ohio,Private,High,14008.17,55.6,12.2,50.5,90.7,87.2,2.36,12.799999999999997,12.2,70.6,53.24,52.42940587760227,Medium Risk
688,Johnson High School,California,Public,High,22924.8,66.5,12.8,64.7,75.3,83.9,3.5,16.099999999999994,12.8,70.0,63.0,74.18651660495455,Low Risk
689,Armstrong Elementary School,Ohio,Private,Elementary,6975.95,40.0,25.7,43.6,27.7,54.5,8.56,45.5,25.7,35.65,31.439999999999998,8.076447387840282,High Risk
690,Schultz High School,North Carolina,Charter,Middle,6516.58,40.0,22.6,32.4,60.0,79.6,6.4,20.400000000000006,22.6,46.2,33.6,17.557870813717216,High Risk
691,Ingram Elementary School,Illinois,Private,Middle,5526.79,40.0,15.3,69.9,36.9,67.1,7.04,32.900000000000006,15.3,53.400000000000006,32.96,15.01096428704738,High Risk
692,Allen High School,New York,Private,Middle,24335.22,62.6,18.7,52.5,58.5,89.8,0.99,10.200000000000003,18.7,55.5,61.61,72.8151143690312,Low Risk
693,Mayer High School,Illinois,Private,High,20829.1,50.4,16.8,88.4,61.8,66.4,7.32,33.599999999999994,16.8,75.1,43.08,41.2349912989412,Medium Risk
694,Lopez Elementary School,Texas,Charter,High,9036.67,40.0,13.3,79.3,56.9,85.5,5.95,14.5,13.3,68.1,34.05,25.074695360879474,High Risk
695,Smith Middle School,New York,Charter,High,15462.82,46.7,22.3,71.9,31.4,96.0,4.07,4.0,22.3,51.650000000000006,42.63,42.284846382271226,Medium Risk
696,King Middle School,Ohio,Private,Middle,6934.54,40.0,10.7,53.5,57.7,54.2,7.65,45.8,10.7,55.6,32.35,14.247221713337918,High Risk
697,Miller Elementary School,California,Charter,Elementary,18039.27,43.2,19.3,15.8,81.5,62.4,4.63,37.6,19.3,48.65,38.57,31.222321094248265,High Risk
698,Marshall Middle School,Pennsylvania,Charter,High,9611.13,40.0,27.3,15.7,35.8,73.2,7.96,26.799999999999997,27.3,25.75,32.04,18.334610512554427,High Risk
699,Adkins Elementary School,California,Private,Elementary,20925.91,46.5,13.5,87.2,54.9,69.3,6.11,30.700000000000003,13.5,71.05,40.39,40.59119475463412,Medium Risk
700,Roberts Elementary School,Georgia,Private,Elementary,7741.87,44.6,12.0,13.2,29.6,56.7,3.17,43.3,12.0,21.4,41.43,27.67844256543532,High Risk
701,Dickerson Middle School,Michigan,Public,High,5073.28,44.9,19.8,52.9,56.3,95.4,2.93,4.599999999999994,19.8,54.599999999999994,41.97,29.384013369511084,High Risk
702,Marsh High School,Ohio,Private,High,17092.9,60.3,14.3,29.5,5.1,80.9,0.5,19.099999999999994,14.3,17.3,59.8,66.57298856550436,Medium Risk
703,Davis Middle School,Texas,Charter,Middle,6879.91,40.0,19.3,85.1,13.1,95.4,6.56,4.599999999999994,19.3,49.099999999999994,33.44,24.897890342850133,High Risk
704,White Elementary School,Ohio,Public,High,22187.46,61.0,23.9,51.5,43.9,98.4,0.5,1.5999999999999943,23.9,47.7,60.5,69.644328467173,Medium Risk
705,Johnson High School,Illinois,Public,Elementary,5813.21,47.8,26.7,10.3,33.7,87.3,2.61,12.700000000000003,26.7,22.0,45.19,31.647600226518918,High Risk
706,Short High School,California,Public,Middle,23861.46,59.8,10.4,70.3,53.3,85.6,5.51,14.400000000000006,10.4,61.8,54.29,69.27874219504392,Medium Risk
707,Martinez Elementary School,California,Private,Elementary,12807.55,52.0,13.7,10.3,62.0,76.9,0.5,23.099999999999994,13.7,36.15,51.5,47.7931725770466,Medium Risk
708,Jordan Elementary School,California,Private,Elementary,13691.27,49.5,25.1,51.0,37.8,88.6,5.35,11.400000000000006,25.1,44.4,44.15,39.90188300561818,High Risk
709,Nichols High School,Florida,Private,Middle,12467.68,57.8,12.3,15.9,8.5,80.1,0.5,19.900000000000006,12.3,12.2,57.3,59.73804096116664,Medium Risk
710,Johnson Elementary School,Pennsylvania,Private,Elementary,20814.24,52.7,11.8,72.7,93.0,63.9,7.18,36.1,11.8,82.85,45.52,45.04839079195455,Medium Risk
711,Castro Middle School,Georgia,Public,High,10819.98,40.0,29.3,90.4,26.9,71.9,10.74,28.099999999999994,29.3,58.650000000000006,29.259999999999998,12.323220484385544,High Risk
712,Schmidt High School,New York,Private,Middle,18101.72,47.3,26.9,57.2,43.4,69.0,5.46,31.0,26.9,50.3,41.839999999999996,33.6083328897116,High Risk
713,Parks Middle School,Georgia,Private,Middle,14851.28,45.6,12.1,30.6,30.2,52.5,5.43,47.5,12.1,30.4,40.17,33.36377814170251,High Risk
714,Moody Middle School,Texas,Private,Middle,10618.98,43.6,10.0,61.4,15.6,61.5,5.58,38.5,10.0,38.5,38.02,29.1602962125297,High Risk
715,Munoz Elementary School,Pennsylvania,Public,Elementary,9059.75,40.0,10.8,49.9,23.8,52.2,5.19,47.8,10.8,36.85,34.81,19.65868701891174,High Risk
716,Horton Elementary School,Michigan,Charter,Elementary,15696.28,43.8,21.6,60.8,59.8,87.4,6.41,12.599999999999994,21.6,60.3,37.39,34.175896921478575,High Risk
717,Cain Elementary School,Ohio,Charter,Elementary,21572.96,47.8,25.7,38.8,47.0,73.7,5.33,26.299999999999997,25.7,42.9,42.47,41.65096766959445,Medium Risk
718,Johnson Elementary School,California,Charter,Middle,7316.46,43.4,27.9,19.5,20.9,77.0,3.88,23.0,27.9,20.2,39.519999999999996,23.411656181282268,High Risk
719,Anderson High School,Georgia,Charter,High,13078.91,47.5,27.4,39.3,48.2,95.7,5.0,4.299999999999997,27.4,43.75,42.5,38.12431232281183,High Risk
720,Mays Elementary School,North Carolina,Private,Middle,18735.52,42.9,15.9,83.1,36.0,67.1,6.94,32.900000000000006,15.9,59.55,35.96,32.71290370712157,High Risk
721,Johnson High School,Illinois,Charter,High,8084.24,45.7,25.8,34.8,19.0,96.5,4.36,3.5,25.8,26.9,41.34,33.95674520354952,High Risk
722,Cooper High School,California,Charter,High,18473.01,58.2,25.2,14.2,35.9,67.6,1.64,32.400000000000006,25.2,25.049999999999997,56.56,53.094678710344624,Medium Risk
723,Chan Middle School,Texas,Private,Elementary,18311.57,40.0,19.9,78.2,40.6,81.0,7.15,19.0,19.9,59.400000000000006,32.85,31.10755888371861,High Risk
724,Cunningham Middle School,Pennsylvania,Charter,Elementary,10297.04,40.0,21.4,17.5,51.4,52.9,8.73,47.1,21.4,34.45,31.27,13.94631278439246,High Risk
725,Moreno Elementary School,California,Charter,Middle,16083.28,44.0,25.7,45.1,59.9,81.1,7.79,18.900000000000006,25.7,52.5,36.21,30.771380596956,High Risk
726,Wallace High School,Illinois,Private,Elementary,20166.99,55.0,27.0,52.8,27.9,70.8,6.72,29.200000000000003,27.0,40.349999999999994,48.28,46.80857971536968,Medium Risk
727,Mendoza High School,Illinois,Public,High,21077.05,44.9,27.3,72.7,77.7,70.0,9.21,30.0,27.3,75.2,35.69,29.100801702401135,High Risk
728,Roth Middle School,Ohio,Private,High,12536.09,41.9,12.4,91.1,40.3,64.1,8.34,35.900000000000006,12.4,65.69999999999999,33.56,23.80833066750489,High Risk
729,Herrera High School,Florida,Public,Elementary,9510.39,40.0,29.3,59.6,74.9,97.1,7.5,2.9000000000000057,29.3,67.25,32.5,19.81609424793527,High Risk
730,Reyes High School,New York,Charter,Elementary,24922.85,59.6,29.1,45.3,24.2,100.0,3.01,0.0,29.1,34.75,56.59,69.31279209240303,Medium Risk
731,Wall Middle School,Georgia,Private,Middle,7800.82,40.0,22.3,62.9,17.9,64.9,8.25,35.099999999999994,22.3,40.4,31.75,14.089861609702135,High Risk
732,Smith Middle School,North Carolina,Charter,Elementary,20107.43,59.4,10.4,42.9,29.3,65.5,2.58,34.5,10.4,36.1,56.82,62.337687501012866,Medium Risk
733,Griffin Elementary School,New York,Public,Middle,9401.94,40.0,20.5,51.5,33.6,56.0,8.03,44.0,20.5,42.55,31.97,13.698471699781908,High Risk
734,Walsh Elementary School,Ohio,Charter,Elementary,20483.36,46.4,20.0,73.5,46.2,64.5,6.98,35.5,20.0,59.85,39.42,35.690316914047386,High Risk
735,Hanson Middle School,Pennsylvania,Charter,Elementary,20276.76,49.4,28.9,36.4,21.2,60.5,6.5,39.5,28.9,28.799999999999997,42.9,37.10294623837895,High Risk
736,Dodson Middle School,Georgia,Private,Elementary,7874.76,51.6,13.4,17.1,31.8,80.4,1.58,19.599999999999994,13.4,24.450000000000003,50.02,44.11113865187389,Medium Risk
737,Moore Middle School,Florida,Charter,Elementary,22776.05,57.3,17.8,77.6,64.3,79.4,4.74,20.599999999999994,17.8,70.94999999999999,52.559999999999995,57.60650563371155,Medium Risk
738,Coleman Elementary School,Ohio,Charter,High,5426.77,40.0,21.7,75.0,20.8,76.5,7.88,23.5,21.7,47.9,32.12,14.83977646069387,High Risk
739,Cox Middle School,Georgia,Private,Middle,13169.93,40.0,17.4,80.9,50.0,76.6,7.31,23.400000000000006,17.4,65.45,32.69,24.159508742841695,High Risk
740,Rhodes High School,Illinois,Public,Middle,5349.32,40.0,25.9,28.7,37.2,53.7,7.98,46.3,25.9,32.95,32.019999999999996,6.4327039064485945,High Risk
741,Mack Elementary School,Michigan,Private,Middle,10012.77,49.7,26.0,33.4,47.6,91.4,3.25,8.599999999999994,26.0,40.5,46.45,37.81888980323537,High Risk
742,Warren High School,Ohio,Public,High,21720.19,67.5,15.2,37.8,88.8,87.4,3.12,12.599999999999994,15.2,63.3,64.38,74.94009027883409,Low Risk
743,Davis Elementary School,Illinois,Charter,High,16668.52,43.6,21.4,74.3,58.2,87.5,7.88,12.5,21.4,66.25,35.72,33.723863684788434,High Risk
744,Terry Middle School,Pennsylvania,Charter,Elementary,9093.76,40.0,12.8,54.4,48.4,78.3,3.48,21.700000000000003,12.8,51.4,36.52,26.352850796015595,High Risk
745,Best Elementary School,Florida,Private,Elementary,23796.79,57.6,17.4,68.1,26.5,72.4,6.26,27.599999999999994,17.4,47.3,51.34,59.55056573642955,Medium Risk
746,Adkins Elementary School,Ohio,Charter,High,12796.86,40.0,10.4,93.0,47.7,52.9,9.25,47.1,10.4,70.35,30.75,18.00118643330423,High Risk
747,Maynard Middle School,Texas,Charter,High,21695.65,65.7,21.0,25.2,73.2,74.7,1.95,25.299999999999997,21.0,49.2,63.75,67.42274521264147,Medium Risk
748,Coleman Middle School,North Carolina,Charter,High,23980.01,52.3,20.2,67.6,75.2,61.9,8.91,38.1,20.2,71.4,43.39,43.48217946329897,Medium Risk
749,Crawford Elementary School,Georgia,Charter,Elementary,18328.9,50.6,15.1,87.6,50.9,89.2,5.48,10.799999999999997,15.1,69.25,45.120000000000005,49.1157086202359,Medium Risk
750,Dean Elementary School,Florida,Private,Middle,19137.66,50.7,10.7,94.1,81.6,93.4,6.96,6.599999999999994,10.7,87.85,43.74,50.937924075714754,Medium Risk
751,Morton Middle School,Ohio,Charter,Middle,6434.33,40.0,26.8,72.9,45.3,79.0,8.27,21.0,26.8,59.1,31.73,12.198876203594784,High Risk
752,Hernandez Elementary School,North Carolina,Private,High,6293.02,40.0,29.2,53.7,23.1,95.1,5.35,4.900000000000006,29.2,38.400000000000006,34.65,20.4122021801508,High Risk
753,Williams Elementary School,North Carolina,Private,High,16756.21,43.0,26.2,47.4,70.6,80.6,6.29,19.400000000000006,26.2,59.0,36.71,29.63747696201773,High Risk
754,Pineda Elementary School,Ohio,Charter,Elementary,12068.6,62.6,16.6,46.6,41.9,99.9,0.5,0.09999999999999432,16.6,44.25,62.1,65.09991579952546,Medium Risk
755,Ramirez Elementary School,Florida,Private,Elementary,11967.01,46.8,26.7,84.8,13.0,89.6,9.06,10.400000000000006,26.7,48.9,37.739999999999995,31.730228765243865,High Risk
756,Rodriguez Middle School,Texas,Charter,High,20136.95,68.6,17.5,25.9,68.1,92.4,0.59,7.599999999999994,17.5,47.0,68.00999999999999,78.2506678410736,Low Risk
757,Rodriguez Elementary School,Florida,Public,High,16615.54,40.0,24.7,59.1,84.3,68.1,11.6,31.900000000000006,24.7,71.7,28.4,18.187182799148342,High Risk
758,Bates High School,Michigan,Private,Elementary,7551.26,40.0,12.4,73.1,16.1,59.0,10.47,41.0,12.4,44.599999999999994,29.53,15.901018605003275,High Risk
759,Barnes Middle School,Texas,Public,High,5012.97,40.7,12.2,70.1,19.5,77.0,4.43,23.0,12.2,44.8,36.27,22.864781833704924,High Risk
760,Hawkins Middle School,Texas,Public,Elementary,5992.29,40.0,23.8,44.8,38.7,66.7,7.53,33.3,23.8,41.75,32.47,11.887838489955797,High Risk
761,Mitchell Middle School,Pennsylvania,Charter,High,21954.31,69.1,16.4,10.2,46.0,69.5,0.5,30.5,16.4,28.1,68.6,76.31459306552257,Low Risk
762,Williams Middle School,Texas,Public,Elementary,10604.13,43.9,29.9,11.1,35.1,66.8,4.57,33.2,29.9,23.1,39.33,22.424898958330857,High Risk
763,Daniel High School,Michigan,Private,Elementary,10374.24,54.0,12.3,68.6,38.0,99.9,1.56,0.09999999999999432,12.3,53.3,52.44,53.36426319664777,Medium Risk
764,Barker Middle School,Texas,Private,Elementary,20259.76,50.9,13.1,75.3,89.9,63.8,6.71,36.2,13.1,82.6,44.19,41.66087157688996,Medium Risk
765,Taylor Middle School,Ohio,Charter,Middle,21980.48,65.4,12.5,70.8,6.8,91.2,0.5,8.799999999999997,12.5,38.8,64.9,80.11992190721485,Low Risk
766,King High School,New York,Public,Middle,15695.71,48.3,17.2,49.4,83.3,98.1,3.25,1.9000000000000057,17.2,66.35,45.05,46.52555608619832,Medium Risk
767,Vaughn High School,North Carolina,Public,Elementary,15299.65,48.9,10.9,72.7,11.2,66.1,4.26,33.900000000000006,10.9,41.95,44.64,42.26444822012342,Medium Risk
768,Campbell Elementary School,North Carolina,Public,Elementary,12561.65,40.0,28.8,25.9,62.4,67.0,8.39,33.0,28.8,44.15,31.61,15.992989300377396,High Risk
769,Smith High School,Texas,Public,Elementary,19044.08,42.8,12.4,88.0,16.3,61.4,7.33,38.6,12.4,52.15,35.47,33.84374580351161,High Risk
770,Bartlett Elementary School,Florida,Public,High,9315.84,45.3,19.8,22.7,52.2,52.6,9.4,47.4,19.8,37.45,35.9,19.4042789933825,High Risk
771,Fields High School,Michigan,Charter,High,5284.34,40.0,14.3,93.3,76.9,83.9,7.93,16.099999999999994,14.3,85.1,32.07,16.350096096371747,High Risk
772,Salinas Elementary School,Florida,Charter,Middle,11150.33,50.6,23.3,21.4,65.6,75.3,4.18,24.700000000000003,23.3,43.5,46.42,35.380002451743366,High Risk
773,Barrett Middle School,Ohio,Public,Elementary,20194.4,53.7,17.0,54.4,59.2,68.7,4.14,31.299999999999997,17.0,56.8,49.56,49.184980906694165,Medium Risk
774,Martin Elementary School,Georgia,Public,Middle,24698.58,59.5,29.4,32.8,18.0,59.8,7.98,40.2,29.4,25.4,51.519999999999996,53.86765436534625,Medium Risk
775,Coleman Elementary School,Texas,Charter,Middle,18756.66,50.0,18.3,77.2,8.2,73.3,8.02,26.700000000000003,18.3,42.7,41.980000000000004,44.042890441308245,Medium Risk
776,Frazier Middle School,Florida,Private,Middle,18537.68,58.3,10.6,67.6,89.8,91.8,3.67,8.200000000000003,10.6,78.69999999999999,54.629999999999995,61.79585692437354,Medium Risk
777,Pope Middle School,Texas,Charter,High,18634.95,57.1,11.4,49.0,75.9,92.8,0.5,7.200000000000003,11.4,62.45,56.6,63.997192617509285,Medium Risk
778,Price High School,Georgia,Charter,Elementary,13650.99,52.6,16.6,36.6,40.5,75.8,3.47,24.200000000000003,16.6,38.55,49.13,45.77975924242431,Medium Risk
779,Soto Elementary School,Texas,Public,High,14749.42,49.6,16.1,57.5,20.6,73.9,3.54,26.099999999999994,16.1,39.05,46.06,42.90816054259889,Medium Risk
780,Carpenter Elementary School,Texas,Private,Middle,15301.67,47.5,14.3,24.2,45.5,63.5,5.36,36.5,14.3,34.85,42.14,38.172550933864684,High Risk
781,Smith Elementary School,Georgia,Charter,Elementary,14688.29,53.7,11.5,87.7,13.5,97.1,4.48,2.9000000000000057,11.5,50.6,49.22,56.54897094961588,Medium Risk
782,Bennett Elementary School,Florida,Private,High,20599.08,51.5,27.1,59.6,28.3,82.3,6.49,17.700000000000003,27.1,43.95,45.01,46.56173477823836,Medium Risk
783,Ward Elementary School,Illinois,Private,Middle,21072.23,62.4,16.3,52.9,88.5,76.0,1.5,24.0,16.3,70.7,60.9,63.05453823585194,Medium Risk
784,Scott High School,Illinois,Public,Middle,14402.65,58.1,14.8,27.1,13.2,70.5,0.5,29.5,14.8,20.15,57.6,56.46869186895927,Medium Risk
785,Lopez High School,Texas,Private,Elementary,6490.93,40.0,14.0,81.8,51.5,84.5,7.75,15.5,14.0,66.65,32.25,20.765433729570127,High Risk
786,Adams Elementary School,Georgia,Public,Elementary,17372.59,44.7,25.4,66.8,41.6,71.8,10.06,28.200000000000003,25.4,54.2,34.64,28.81341525095965,High Risk
787,Sherman Elementary School,Michigan,Public,High,14834.83,45.5,12.4,62.3,90.5,67.5,8.3,32.5,12.4,76.4,37.2,30.596372541155297,High Risk
788,Nguyen Elementary School,Illinois,Private,High,11838.63,40.0,24.8,87.9,92.9,92.3,7.71,7.700000000000003,24.8,90.4,32.29,20.15106197948092,High Risk
789,Francis Elementary School,Georgia,Charter,Elementary,5292.17,40.0,21.1,71.4,16.2,68.6,8.76,31.400000000000006,21.1,43.800000000000004,31.240000000000002,12.46158472392904,High Risk
790,Johnson Middle School,Michigan,Private,Elementary,13184.84,47.0,14.6,49.7,60.0,73.5,6.27,26.5,14.6,54.85,40.730000000000004,35.226702381319406,High Risk
791,Davis High School,Pennsylvania,Charter,High,24807.06,57.6,17.6,25.4,56.7,59.4,1.99,40.6,17.6,41.05,55.61,58.87669157824651,Medium Risk
792,Garcia Middle School,Pennsylvania,Charter,Middle,18513.04,42.9,24.2,19.4,64.2,54.2,6.95,45.8,24.2,41.8,35.949999999999996,25.630236238314296,High Risk
793,Mcbride Middle School,Ohio,Public,High,10827.48,48.3,10.9,50.1,70.8,73.5,4.75,26.5,10.9,60.45,43.55,36.13456021494705,High Risk
794,Peterson Middle School,North Carolina,Public,Elementary,10617.23,46.2,19.6,62.3,93.4,97.5,5.04,2.5,19.6,77.85,41.160000000000004,34.07709643842299,High Risk
795,Walker Elementary School,Georgia,Public,Elementary,14245.78,40.0,21.6,78.9,27.5,68.7,7.09,31.299999999999997,21.6,53.2,32.91,22.02983239120302,High Risk
796,Robles Middle School,Georgia,Public,Elementary,22130.92,50.3,25.6,32.1,13.9,50.7,6.47,49.3,25.6,23.0,43.83,39.67755458696,High Risk
797,Kelly Middle School,California,Public,Middle,10080.15,51.9,16.8,60.6,40.2,95.4,2.88,4.599999999999994,16.8,50.400000000000006,49.019999999999996,46.09607353783762,Medium Risk
798,Jones High School,Pennsylvania,Public,High,12233.55,40.0,22.2,91.2,39.4,56.6,11.69,43.4,22.2,65.3,28.310000000000002,11.410502587907072,High Risk
799,Reeves High School,California,Charter,Elementary,9228.96,57.3,13.2,32.4,33.5,91.0,0.5,9.0,13.2,32.95,56.8,55.762408649339484,Medium Risk
800,Wilson Middle School,Illinois,Private,Middle,6616.41,40.0,20.3,60.9,77.1,78.7,7.07,21.299999999999997,20.3,69.0,32.93,15.233690791621047,High Risk
801,Coleman Elementary School,California,Charter,Elementary,8097.28,40.0,24.3,73.5,39.1,65.9,9.88,34.099999999999994,24.3,56.3,30.119999999999997,10.689922645314127,High Risk
802,Donaldson Elementary School,Michigan,Charter,High,17521.06,40.6,20.6,66.7,8.4,60.3,9.06,39.7,20.6,37.550000000000004,31.54,25.50487998978102,High Risk
803,Patton High School,Florida,Public,Elementary,21347.79,62.9,14.6,33.3,71.4,78.1,1.54,21.900000000000006,14.6,52.35,61.36,68.22111553138255,Medium Risk
804,Cross Middle School,North Carolina,Private,High,12504.64,46.8,29.1,55.6,18.0,94.3,5.02,5.700000000000003,29.1,36.8,41.78,36.08589749755754,High Risk
805,Oliver Elementary School,Texas,Charter,High,8727.32,43.6,13.7,75.8,18.3,68.7,7.05,31.299999999999997,13.7,47.05,36.550000000000004,25.483053913822083,High Risk
806,Wilkinson Elementary School,Pennsylvania,Charter,High,5028.53,40.0,26.1,11.9,63.4,64.2,3.71,35.8,26.1,37.65,36.29,10.856348506850656,High Risk
807,Reynolds High School,New York,Private,Middle,20641.87,58.8,14.0,51.6,88.2,86.2,3.76,13.799999999999997,14.0,69.9,55.04,62.11400681576341,Medium Risk
808,Bonilla High School,California,Private,Middle,7479.13,40.0,13.0,70.2,30.8,89.6,4.87,10.400000000000006,13.0,50.5,35.13,27.78851332411071,High Risk
809,Guzman Middle School,North Carolina,Private,Elementary,24000.94,56.5,24.6,54.9,41.5,82.5,5.29,17.5,24.6,48.2,51.21,58.09176322431654,Medium Risk
810,Davis High School,Michigan,Charter,Middle,20185.79,53.4,13.6,57.6,68.6,65.0,7.01,35.0,13.6,63.099999999999994,46.39,47.32897425670446,Medium Risk
811,Stephens High School,Georgia,Public,Middle,15817.99,53.4,13.6,28.8,91.1,75.2,0.64,24.799999999999997,13.6,59.949999999999996,52.76,49.105069136506295,Medium Risk
812,Jones Elementary School,Michigan,Public,Middle,7174.01,40.0,22.9,63.1,46.2,98.5,3.33,1.5,22.9,54.650000000000006,36.67,24.914279459484867,High Risk
813,Foster High School,Michigan,Private,Middle,23419.35,58.4,19.0,37.0,11.2,56.6,4.81,43.4,19.0,24.1,53.589999999999996,57.54731029198491,Medium Risk
814,Johnson Middle School,Illinois,Private,High,12704.62,40.0,21.0,63.7,32.6,53.2,9.62,46.8,21.0,48.150000000000006,30.380000000000003,14.774743434455932,High Risk
815,English Middle School,Illinois,Private,High,8405.16,40.0,22.6,88.7,94.9,91.6,9.56,8.400000000000006,22.6,91.80000000000001,30.439999999999998,16.177717694026583,High Risk
816,Hansen High School,Michigan,Private,Elementary,16344.78,40.8,14.0,87.3,74.8,57.4,9.91,42.6,14.0,81.05,30.889999999999997,20.793089610237924,High Risk
817,Williams High School,Georgia,Public,Middle,18579.7,44.1,25.4,69.7,83.4,82.4,9.47,17.599999999999994,25.4,76.55000000000001,34.63,30.326513433432112,High Risk
818,Moore Elementary School,North Carolina,Charter,Elementary,6709.35,40.0,12.5,64.4,69.3,77.9,7.37,22.099999999999994,12.5,66.85,32.63,19.7385177689651,High Risk
819,Hughes Elementary School,California,Charter,High,7680.31,40.0,13.3,62.9,67.6,50.8,9.54,49.2,13.3,65.25,30.46,10.2423894711799,High Risk
820,Rivers Middle School,Georgia,Charter,Middle,17958.56,48.3,25.3,35.5,56.6,83.6,4.53,16.400000000000006,25.3,46.05,43.769999999999996,41.6657011576477,Medium Risk
821,Bright Middle School,Pennsylvania,Charter,High,11358.76,40.0,29.8,20.0,55.0,64.5,4.68,35.5,29.8,37.5,35.32,15.740080285093713,High Risk
822,Fuller Elementary School,Texas,Charter,Middle,9948.5,47.5,25.2,31.0,42.0,74.7,6.06,25.299999999999997,25.2,36.5,41.44,29.009248807721878,High Risk
823,Craig Elementary School,Ohio,Private,Middle,18648.87,54.6,29.9,12.2,52.4,96.6,3.35,3.4000000000000057,29.9,32.3,51.25,54.46463561119136,Medium Risk
824,Hernandez Elementary School,Florida,Private,Elementary,18473.37,47.0,11.3,45.9,36.6,65.1,5.22,34.900000000000006,11.3,41.25,41.78,42.702595982925594,Medium Risk
825,Johnson High School,Florida,Public,Elementary,18820.76,44.8,12.0,44.9,30.3,52.5,4.81,47.5,12.0,37.6,39.989999999999995,36.32286976831585,High Risk
826,Perry Middle School,Georgia,Public,High,15399.8,48.7,18.0,11.7,85.3,55.8,5.6,44.2,18.0,48.5,43.1,32.94519278944229,High Risk
827,Spears High School,California,Private,High,20844.2,59.0,12.7,65.4,53.8,83.7,4.61,16.299999999999997,12.7,59.6,54.39,63.522109281064765,Medium Risk
828,Beltran Middle School,Ohio,Public,Middle,17323.96,58.4,14.3,32.1,64.4,83.3,3.42,16.700000000000003,14.3,48.25,54.98,59.75027846722576,Medium Risk
829,Turner Middle School,New York,Charter,High,6507.51,48.5,18.1,15.0,60.1,74.5,1.67,25.5,18.1,37.55,46.83,32.110390430686614,High Risk
830,Levine High School,Pennsylvania,Private,Elementary,5182.94,40.0,26.2,25.8,69.3,65.5,6.87,34.5,26.2,47.55,33.13,8.638642389112178,High Risk
831,Saunders High School,California,Public,Middle,18054.73,52.3,21.6,66.3,24.9,81.9,6.59,18.099999999999994,21.6,45.599999999999994,45.709999999999994,47.36245176525778,Medium Risk
832,Proctor High School,Michigan,Charter,Elementary,17070.06,63.6,15.6,17.7,78.8,75.9,1.23,24.099999999999994,15.6,48.25,62.370000000000005,63.48669929828733,Medium Risk
833,Kerr High School,Ohio,Charter,High,18410.36,41.1,25.6,63.4,66.1,76.5,7.41,23.5,25.6,64.75,33.69,26.85252111003826,High Risk
834,Williamson Middle School,California,Public,Middle,20255.19,52.4,24.0,41.0,43.1,75.9,5.61,24.099999999999994,24.0,42.05,46.79,47.49555944789808,Medium Risk
835,Medina Elementary School,Pennsylvania,Public,Elementary,6038.48,40.0,17.1,77.8,64.7,75.1,9.12,24.900000000000006,17.1,71.25,30.880000000000003,13.93343482985948,High Risk
836,Barajas Elementary School,Texas,Private,Elementary,13203.13,40.0,28.7,58.4,11.5,55.4,10.21,44.6,28.7,34.95,29.79,13.224691339244671,High Risk
837,Reynolds High School,Michigan,Charter,Middle,9151.9,40.0,17.4,68.9,86.5,58.1,10.18,41.9,17.4,77.7,29.82,10.09813480302043,High Risk
838,Collins Elementary School,New York,Private,Middle,23248.31,47.8,25.8,94.9,73.9,65.2,11.62,34.8,25.8,84.4,36.18,32.01314443751482,High Risk
839,Sherman Middle School,Georgia,Charter,High,10382.46,51.7,28.8,32.8,82.2,96.4,5.99,3.5999999999999943,28.8,57.5,45.71,37.22746080793285,High Risk
840,Morgan High School,North Carolina,Public,Elementary,13427.71,40.0,26.4,63.6,16.8,52.4,9.38,47.6,26.4,40.2,30.619999999999997,13.419935283079553,High Risk
841,Patton Elementary School,Ohio,Charter,Elementary,21123.49,59.1,20.5,31.9,57.9,54.2,4.77,45.8,20.5,44.9,54.33,51.18156901491088,Medium Risk
842,Combs Elementary School,California,Public,Elementary,12236.77,44.9,13.9,79.6,57.7,84.3,6.39,15.700000000000003,13.9,68.65,38.51,33.74525390691956,High Risk
843,Yang Middle School,Florida,Charter,High,5628.65,40.0,21.8,26.5,53.2,52.5,8.35,47.5,21.8,39.85,31.65,7.589902581664908,High Risk
844,Campbell Elementary School,Pennsylvania,Public,Elementary,19360.48,63.2,23.2,11.1,60.8,95.3,0.5,4.700000000000003,23.2,35.949999999999996,62.7,70.0186163328304,Low Risk
845,Baxter Elementary School,Texas,Public,Elementary,12502.42,40.0,27.9,64.6,71.3,67.7,8.83,32.3,27.9,67.94999999999999,31.17,13.194824644803123,High Risk
846,Manning High School,California,Public,Middle,11117.09,49.4,12.4,79.3,10.7,88.5,1.8,11.5,12.4,45.0,47.6,45.61947215056959,Medium Risk
847,Evans Middle School,Pennsylvania,Public,Elementary,7815.52,57.8,15.6,65.5,46.9,96.9,2.87,3.0999999999999943,15.6,56.2,54.93,51.11267230964874,Medium Risk
848,Green Elementary School,Michigan,Public,Middle,6321.66,44.6,11.1,66.3,19.3,77.2,3.38,22.799999999999997,11.1,42.8,41.22,30.610798848016223,High Risk
849,Ford Elementary School,California,Public,Elementary,24000.27,63.0,28.0,20.4,58.4,98.1,0.83,1.9000000000000057,28.0,39.4,62.17,72.71910111013159,Low Risk
850,Greene Middle School,New York,Charter,Middle,17863.23,43.5,28.5,92.9,81.2,84.8,11.72,15.200000000000003,28.5,87.05000000000001,31.78,25.337102521462967,High Risk
851,Hardin High School,Florida,Public,Elementary,12750.15,40.0,28.0,92.9,25.6,71.4,10.63,28.599999999999994,28.0,59.25,29.369999999999997,15.10442358669406,High Risk
852,Zimmerman Middle School,New York,Private,Middle,20593.34,58.2,15.8,37.2,22.2,73.2,2.72,26.799999999999997,15.8,29.700000000000003,55.480000000000004,61.803440132985834,Medium Risk
853,Brooks High School,Texas,Charter,Middle,7349.01,40.0,22.0,81.7,17.9,61.5,9.78,38.5,22.0,49.8,30.22,10.57118416008148,High Risk
854,Gutierrez Elementary School,Pennsylvania,Charter,Middle,19922.05,43.1,18.6,69.8,65.1,50.8,11.03,49.2,18.6,67.44999999999999,32.07,24.183008241375422,High Risk
855,Gonzalez High School,Illinois,Charter,Elementary,20346.75,57.1,23.7,28.5,54.8,76.1,4.37,23.900000000000006,23.7,41.65,52.730000000000004,54.211937609643144,Medium Risk
856,Green Middle School,Ohio,Public,Middle,11147.97,49.4,28.2,22.2,47.9,96.7,1.93,3.299999999999997,28.2,35.05,47.47,40.681188658091195,Medium Risk
857,Lin Elementary School,Ohio,Private,Elementary,7505.28,40.0,23.5,74.4,90.7,65.3,10.73,34.7,23.5,82.55000000000001,29.27,6.242054069439413,High Risk
858,Glass Middle School,Texas,Private,High,9729.22,40.0,27.0,34.9,60.7,58.4,9.82,41.6,27.0,47.8,30.18,9.619957400520606,High Risk
859,Smith High School,Michigan,Private,High,13447.18,40.0,24.6,81.8,75.1,54.3,13.01,45.7,24.6,78.44999999999999,26.990000000000002,8.216583563290287,High Risk
860,Bell Middle School,Illinois,Charter,Middle,9377.88,40.0,18.6,64.3,7.5,56.6,6.68,43.4,18.6,35.9,33.32,16.50494064929365,High Risk
861,Simon Elementary School,Ohio,Public,High,21710.98,47.6,16.8,86.6,33.4,73.2,8.66,26.799999999999997,16.8,60.0,38.94,42.6773096451189,Medium Risk
862,Parker High School,North Carolina,Private,High,15871.92,48.4,22.6,41.0,41.5,91.9,2.3,8.099999999999994,22.6,41.25,46.1,45.478936769517844,Medium Risk
863,Griffin Middle School,Texas,Charter,Middle,9859.65,50.5,13.0,22.7,52.5,77.2,3.39,22.799999999999997,13.0,37.6,47.11,41.551140151259666,Medium Risk
864,Hughes Elementary School,Michigan,Private,High,7493.49,40.0,21.2,62.7,17.8,76.2,8.22,23.799999999999997,21.2,40.25,31.78,18.326102515747063,High Risk
865,Brock Middle School,Illinois,Public,Middle,7053.01,45.8,17.6,18.4,42.5,86.7,1.94,13.299999999999997,17.6,30.45,43.86,34.82157443659304,High Risk
866,Martin Elementary School,Pennsylvania,Private,Middle,5145.76,40.0,19.7,48.3,68.2,60.8,8.28,39.2,19.7,58.25,31.72,8.609410017551333,High Risk
867,Casey Middle School,Illinois,Public,High,14079.89,40.0,22.4,84.9,66.2,92.3,8.12,7.700000000000003,22.4,75.55000000000001,31.880000000000003,26.008287822550308,High Risk
868,Acevedo Elementary School,Texas,Public,Middle,21953.97,51.5,20.8,62.2,18.0,68.4,7.32,31.599999999999994,20.8,40.1,44.18,47.111939614338404,Medium Risk
869,Goodwin Elementary School,Ohio,Public,Middle,5409.79,40.0,12.4,82.5,36.6,58.2,8.55,41.8,12.4,59.55,31.45,11.934310394012,High Risk
870,Torres Middle School,Texas,Public,High,9310.7,40.0,22.5,64.7,7.5,55.4,9.57,44.6,22.5,36.1,30.43,12.429128935919694,High Risk
871,Foster Middle School,Texas,Private,Middle,6262.58,41.5,13.4,56.3,66.9,81.2,6.3,18.799999999999997,13.4,61.6,35.2,22.88977344303199,High Risk
872,King High School,Michigan,Private,Elementary,10171.44,51.7,10.3,39.2,24.3,92.5,0.5,7.5,10.3,31.75,51.2,52.36154824925883,Medium Risk
873,Allen High School,Pennsylvania,Charter,Middle,15261.23,46.6,27.6,81.8,66.5,98.4,7.15,1.5999999999999943,27.6,74.15,39.45,35.19735907138519,High Risk
874,Patrick Middle School,Illinois,Private,Elementary,21126.13,65.0,10.5,45.9,85.7,91.3,0.5,8.700000000000003,10.5,65.8,64.5,76.09323527155787,Low Risk
875,Russell High School,Florida,Charter,Middle,17607.74,40.3,14.3,50.4,85.6,60.2,6.27,39.8,14.3,68.0,34.03,25.884142532021386,High Risk
876,Jones Elementary School,North Carolina,Private,Middle,24763.37,46.0,12.0,82.2,29.7,55.2,6.26,44.8,12.0,55.95,39.74,42.42285679550414,Medium Risk
877,Dennis Middle School,Ohio,Charter,Middle,9293.89,40.0,17.5,42.1,84.1,50.6,9.37,49.4,17.5,63.099999999999994,30.630000000000003,9.987200194562348,High Risk
878,Cooper Elementary School,California,Public,High,13869.84,44.9,27.6,31.4,67.0,80.9,7.96,19.099999999999994,27.6,49.2,36.94,28.520898342484834,High Risk
879,Ramos Middle School,Texas,Charter,Middle,15504.27,40.1,27.0,66.1,72.9,77.0,11.15,23.0,27.0,69.5,28.950000000000003,19.287198781818375,High Risk
880,Melendez Middle School,Pennsylvania,Public,High,18768.56,59.8,10.9,78.8,8.6,92.7,0.5,7.299999999999997,10.9,43.699999999999996,59.3,70.30884731807156,Low Risk
881,Smith High School,Ohio,Private,High,5311.0,40.0,27.6,56.8,46.2,63.0,10.56,37.0,27.6,51.5,29.439999999999998,4.905441727745288,High Risk
882,Mckay Elementary School,Pennsylvania,Public,Elementary,20275.54,59.5,15.0,40.4,30.0,61.3,5.46,38.7,15.0,35.2,54.04,57.367656091332044,Medium Risk
883,Lane Elementary School,Illinois,Charter,Middle,18930.9,51.1,15.3,79.2,69.1,96.6,4.46,3.4000000000000057,15.3,74.15,46.64,52.65765360143276,Medium Risk
884,Jacobs Elementary School,Florida,Public,High,16799.38,41.2,11.8,65.1,85.4,60.5,8.23,39.5,11.8,75.25,32.97,25.71566063704542,High Risk
885,Vazquez Elementary School,Florida,Private,Elementary,24569.3,55.2,21.5,40.9,5.3,65.4,2.21,34.599999999999994,21.5,23.099999999999998,52.99,57.87555863431849,Medium Risk
886,Nichols Middle School,North Carolina,Charter,Elementary,10307.57,40.0,21.5,49.8,82.8,65.2,8.74,34.8,21.5,66.3,31.259999999999998,13.754937408063473,High Risk
887,Hill High School,Pennsylvania,Private,Elementary,11102.97,58.4,15.9,21.9,69.9,89.3,0.5,10.700000000000003,15.9,45.900000000000006,57.9,55.33579852794804,Medium Risk
888,Hill Elementary School,New York,Public,Middle,6779.95,45.2,13.1,53.3,6.7,88.3,2.91,11.700000000000003,13.1,30.0,42.290000000000006,36.5554530136617,High Risk
889,Vasquez Middle School,California,Public,Elementary,21735.99,46.5,27.5,45.8,90.1,96.1,3.83,3.9000000000000057,27.5,67.94999999999999,42.67,44.18615319590028,Medium Risk
890,Wright High School,New York,Charter,High,11241.62,40.0,17.0,11.4,30.8,53.6,5.22,46.4,17.0,21.1,34.78,21.25369331068002,High Risk
891,Goodwin Middle School,Georgia,Charter,Elementary,21005.39,42.1,27.7,83.8,40.2,77.2,11.34,22.799999999999997,27.7,62.0,30.76,28.727853919416035,High Risk
892,Downs Middle School,Pennsylvania,Public,High,17392.29,60.5,24.0,18.0,8.6,97.7,0.5,2.299999999999997,24.0,13.3,60.0,67.9384490915782,Medium Risk
893,Sanchez High School,California,Private,Middle,9212.64,41.0,12.8,64.0,60.5,78.7,4.55,21.299999999999997,12.8,62.25,36.45,25.871021776572377,High Risk
894,Edwards Middle School,Michigan,Charter,High,8253.69,48.1,10.3,10.9,91.5,68.8,0.5,31.200000000000003,10.3,51.2,47.6,34.81280957252022,High Risk
895,Brown Middle School,Illinois,Private,Elementary,14768.73,61.3,11.2,36.0,15.0,94.3,0.5,5.700000000000003,11.2,25.5,60.8,70.41290026822564,Low Risk
896,Shelton High School,New York,Charter,Elementary,10424.44,40.7,26.3,43.9,76.0,70.8,7.44,29.200000000000003,26.3,59.95,33.260000000000005,15.377621518216944,High Risk
897,Thompson High School,Texas,Charter,Elementary,9221.91,40.0,14.4,21.2,56.7,54.3,3.42,45.7,14.4,38.95,36.58,18.997159003769973,High Risk
898,Klein High School,Texas,Private,Middle,6485.08,40.0,18.9,79.2,23.4,69.5,9.18,30.5,18.9,51.3,30.82,14.201592710443117,High Risk
899,Martin High School,Pennsylvania,Private,High,6122.9,44.0,16.8,28.0,70.9,77.7,3.31,22.299999999999997,16.8,49.45,40.69,25.632885609633703,High Risk
900,Martin Elementary School,Ohio,Private,High,23421.96,50.2,22.0,65.0,54.3,83.0,5.08,17.0,22.0,59.65,45.120000000000005,49.89301459240227,Medium Risk
901,Hart High School,Georgia,Charter,Middle,20289.75,61.9,15.5,59.3,39.6,90.6,1.72,9.400000000000006,15.5,49.45,60.18,69.90910916048873,Medium Risk
902,Walker Middle School,Illinois,Public,Middle,12136.25,40.0,21.2,39.2,85.9,60.0,9.38,40.0,21.2,62.550000000000004,30.619999999999997,14.474411889906527,High Risk
903,Martin Elementary School,Ohio,Charter,High,9360.59,40.0,18.9,40.8,68.7,64.3,7.71,35.7,18.9,54.75,32.29,15.911120830437254,High Risk
904,Andrews Middle School,Florida,Public,Middle,18697.17,72.2,10.5,27.9,91.4,95.5,0.5,4.5,10.5,59.650000000000006,71.7,84.40437099034786,Low Risk
905,Rice Middle School,Michigan,Charter,High,12300.19,40.0,15.3,53.7,60.1,56.0,8.7,44.0,15.3,56.900000000000006,31.3,17.776614705185903,High Risk
906,Garcia Elementary School,North Carolina,Public,Elementary,16047.92,48.1,25.1,92.9,31.6,78.0,8.08,22.0,25.1,62.25,40.02,33.54169040323871,High Risk
907,Dunn High School,Michigan,Private,Elementary,23670.41,62.3,11.7,29.0,40.5,60.3,2.25,39.7,11.7,34.75,60.05,67.79546784349658,Medium Risk
908,Mueller High School,New York,Private,Elementary,23171.27,62.6,13.2,43.8,19.6,85.7,0.89,14.299999999999997,13.2,31.7,61.71,76.56530672812953,Low Risk
909,Miller Elementary School,Illinois,Charter,Middle,11008.01,47.5,17.9,28.6,18.9,68.5,3.08,31.5,17.9,23.75,44.42,35.41143136426123,High Risk
910,Jarvis Middle School,North Carolina,Private,Middle,15577.66,40.0,27.9,68.8,48.0,76.5,9.92,23.5,27.9,58.4,30.08,20.645013932996406,High Risk
911,Jackson Elementary School,Illinois,Public,Middle,9524.96,40.0,11.0,83.9,94.7,60.8,8.79,39.2,11.0,89.30000000000001,31.21,14.18751649523359,High Risk
912,Farley Middle School,Texas,Charter,High,15227.4,43.6,14.5,65.6,32.7,51.3,8.92,48.7,14.5,49.15,34.68,25.38230777795832,High Risk
913,Chen High School,Ohio,Public,Elementary,24487.67,76.4,11.5,40.2,26.7,97.5,0.5,2.5,11.5,33.45,75.9,100.0,Low Risk
914,Snyder Elementary School,Michigan,Charter,Middle,16149.46,48.2,26.6,46.6,11.8,85.6,1.4,14.400000000000006,26.6,29.200000000000003,46.800000000000004,43.1280624414402,Medium Risk
915,Young Elementary School,Pennsylvania,Public,Middle,14987.76,56.1,11.4,43.7,69.1,72.8,4.69,27.200000000000003,11.4,56.4,51.410000000000004,50.56152679022976,Medium Risk
916,Deleon High School,Texas,Public,High,8502.16,45.1,15.0,38.7,72.8,65.8,1.8,34.2,15.0,55.75,43.300000000000004,26.453558465868444,High Risk
917,Reese Middle School,Georgia,Private,Elementary,6110.34,48.2,11.3,26.4,32.2,60.9,2.36,39.1,11.3,29.3,45.84,31.328637409356375,High Risk
918,Nguyen Elementary School,Ohio,Private,Elementary,21551.26,58.5,13.7,19.9,75.7,51.0,5.12,49.0,13.7,47.8,53.38,53.206571169419725,Medium Risk
919,Kline Elementary School,Florida,Public,Elementary,23806.61,64.0,25.2,56.3,42.1,87.9,3.82,12.099999999999994,25.2,49.2,60.18,69.09901878173524,Medium Risk
920,Sanchez Middle School,California,Charter,Middle,16633.12,42.6,28.1,58.1,57.9,99.2,4.49,0.7999999999999972,28.1,58.0,38.11,35.30824261813915,High Risk
921,Kelley High School,New York,Private,High,11798.04,41.3,17.5,48.9,38.7,64.5,5.29,35.5,17.5,43.8,36.01,23.809405127159785,High Risk
922,Briggs Middle School,California,Private,High,6927.49,40.0,29.7,48.3,17.7,82.7,8.12,17.299999999999997,29.7,33.0,31.880000000000003,16.058257508829666,High Risk
923,Daniels High School,Georgia,Private,Middle,16080.69,41.3,14.3,66.1,81.4,51.6,7.18,48.4,14.3,73.75,34.12,21.14967376447506,High Risk
924,Rice Middle School,Ohio,Public,High,24366.72,69.1,15.5,23.7,52.6,91.2,0.5,8.799999999999997,15.5,38.15,68.6,85.7700831785057,Low Risk
925,Whitaker Elementary School,Florida,Private,Elementary,7629.57,43.9,15.8,60.7,73.8,98.1,4.22,1.9000000000000057,15.8,67.25,39.68,32.04134474745196,High Risk
926,Garza Middle School,Texas,Private,Elementary,12901.02,47.8,15.3,59.2,16.7,50.1,5.91,49.9,15.3,37.95,41.89,29.852990159444406,High Risk
927,Cook High School,Michigan,Public,High,16569.84,42.4,11.4,71.9,53.9,50.2,8.15,49.8,11.4,62.900000000000006,34.25,25.321678865288213,High Risk
928,Ward Elementary School,North Carolina,Private,High,17018.49,55.2,15.5,55.5,91.8,88.1,2.82,11.900000000000006,15.5,73.65,52.38,53.20220588715083,Medium Risk
929,Thomas Middle School,Ohio,Private,High,19992.39,40.7,16.4,79.9,82.7,50.9,12.2,49.1,16.4,81.30000000000001,28.500000000000004,20.18982931934284,High Risk
930,Fox Middle School,California,Public,High,10149.31,45.4,15.0,18.7,65.5,61.0,5.05,39.0,15.0,42.1,40.35,27.49399684993155,High Risk
931,Blackwell Middle School,Illinois,Charter,High,5964.16,40.0,26.5,28.3,11.5,69.5,3.78,30.5,26.5,19.9,36.22,15.97482025783605,High Risk
932,Williams High School,New York,Private,Middle,18840.33,58.0,17.6,16.4,51.0,63.1,2.26,36.9,17.6,33.7,55.74,54.63357010953294,Medium Risk
933,Hunter Elementary School,New York,Charter,High,8740.17,41.6,28.2,68.0,42.5,91.7,6.57,8.299999999999997,28.2,55.25,35.03,21.724219218149177,High Risk
934,Taylor Elementary School,California,Public,High,19537.49,69.7,11.8,51.2,36.4,90.0,1.77,10.0,11.8,43.8,67.93,81.28032090015698,Low Risk
935,Middleton High School,Pennsylvania,Private,Elementary,15051.48,48.0,16.0,87.5,12.6,80.5,4.98,19.5,16.0,50.05,43.019999999999996,41.47761629410852,Medium Risk
936,Boyd Elementary School,Michigan,Public,Middle,16280.13,46.2,12.2,93.8,88.1,74.4,10.57,25.599999999999994,12.2,90.94999999999999,35.63,32.60444844324475,High Risk
937,Griffin High School,Florida,Private,Middle,21788.53,48.7,10.8,89.5,8.0,64.3,7.14,35.7,10.8,48.75,41.56,46.736230063241734,Medium Risk
938,Barnett High School,Florida,Charter,Elementary,18401.05,56.7,18.5,46.9,41.9,86.5,1.57,13.5,18.5,44.4,55.13,58.96173671809836,Medium Risk
939,Fuller High School,Florida,Charter,Middle,7323.13,40.0,12.7,74.5,72.5,52.6,8.88,47.4,12.7,73.5,31.119999999999997,9.954376637313569,High Risk
940,Hudson Middle School,Pennsylvania,Private,Elementary,20102.49,65.7,16.1,27.0,37.4,79.2,0.5,20.799999999999997,16.1,32.2,65.2,72.97801997053479,Low Risk
941,Chase Middle School,New York,Charter,Middle,19276.61,65.2,11.0,39.2,46.2,88.2,0.5,11.799999999999997,11.0,42.7,64.7,76.02856794402102,Low Risk
942,Jackson Elementary School,Texas,Charter,High,20835.75,51.2,19.3,69.5,32.4,58.6,8.2,41.4,19.3,50.95,43.0,41.01782496276027,Medium Risk
943,Baker Middle School,North Carolina,Charter,High,8864.83,44.1,17.1,30.4,47.6,64.8,3.44,35.2,17.1,39.0,40.660000000000004,25.670278684551576,High Risk
944,Freeman Elementary School,Ohio,Private,High,11292.73,45.2,20.0,49.5,31.5,63.3,4.13,36.7,20.0,40.5,41.07,27.1147217673869,High Risk
945,Ashley Elementary School,California,Charter,Elementary,18816.21,56.5,16.2,46.4,29.3,72.1,3.22,27.900000000000006,16.2,37.85,53.28,55.69651196185076,Medium Risk
946,Johnson Middle School,New York,Public,Elementary,15922.25,56.1,16.9,55.5,7.4,94.5,0.5,5.5,16.9,31.45,55.6,61.33058285586422,Medium Risk
947,Burns Elementary School,Texas,Private,High,17230.94,58.8,12.0,69.3,35.5,92.1,1.66,7.900000000000006,12.0,52.4,57.14,64.73263711322943,Medium Risk
948,Ruiz High School,Illinois,Charter,Middle,19174.77,43.3,11.7,76.2,29.9,78.5,4.76,21.5,11.7,53.05,38.54,41.976663514448326,Medium Risk
949,Johnson High School,Florida,Public,Elementary,12324.46,46.3,10.6,59.6,75.3,68.2,4.9,31.799999999999997,10.6,67.45,41.4,32.71758321299495,High Risk
950,Evans High School,Illinois,Public,High,10223.65,40.0,14.3,87.2,68.3,54.3,13.17,45.7,14.3,77.75,26.83,10.46453944401571,High Risk
951,Henderson Elementary School,Ohio,Private,Middle,17219.41,40.0,27.0,31.3,78.4,63.2,8.22,36.8,27.0,54.85,31.78,19.70694607939395,High Risk
952,Thompson High School,North Carolina,Charter,High,9966.62,41.5,19.0,71.6,61.6,83.0,7.6,17.0,19.0,66.6,33.9,23.29086347026119,High Risk
953,Williams High School,Florida,Public,Middle,13896.1,49.4,13.1,48.1,72.4,68.3,3.02,31.700000000000003,13.1,60.25,46.379999999999995,38.7643725983852,High Risk
954,Fleming Elementary School,Texas,Public,Middle,20653.17,46.3,18.6,65.7,25.0,65.5,6.51,34.5,18.6,45.35,39.79,39.14032154811458,High Risk
955,Wilcox High School,California,Public,Middle,23652.5,62.6,18.1,48.6,33.2,91.4,2.03,8.599999999999994,18.1,40.900000000000006,60.57,74.48095629169993,Low Risk
956,Lopez Middle School,Pennsylvania,Public,Elementary,22037.91,55.9,29.7,64.2,41.4,81.7,5.92,18.299999999999997,29.7,52.8,49.98,50.9349974640189,Medium Risk
957,Odonnell Elementary School,Texas,Charter,Elementary,24905.29,60.3,29.0,46.8,34.3,96.3,4.66,3.700000000000003,29.0,40.55,55.64,67.3791856316962,Medium Risk
958,Steele Elementary School,Texas,Charter,Middle,5938.2,51.4,18.0,43.3,76.8,92.2,1.8,7.799999999999997,18.0,60.05,49.6,38.0287592308301,High Risk
959,Sanchez Elementary School,Florida,Private,Elementary,17574.9,46.5,13.9,74.6,71.5,67.1,7.47,32.900000000000006,13.9,73.05,39.03,34.825839635225414,High Risk
960,Fowler High School,North Carolina,Public,Elementary,10657.23,52.4,17.8,30.8,10.8,81.7,1.12,18.299999999999997,17.8,20.8,51.28,46.932745844773706,Medium Risk
961,Wolf Elementary School,Michigan,Public,Elementary,23162.29,61.8,22.6,80.6,36.5,88.5,5.86,11.5,22.6,58.55,55.94,65.15996176779221,Medium Risk
962,Patel Elementary School,Georgia,Charter,High,20744.05,56.4,11.7,80.1,13.3,74.4,4.16,25.599999999999994,11.7,46.699999999999996,52.239999999999995,59.56145520047708,Medium Risk
963,Obrien Elementary School,New York,Public,Elementary,23370.98,54.4,16.2,64.3,90.5,84.3,4.99,15.700000000000003,16.2,77.4,49.41,56.36556680155286,Medium Risk
964,Cunningham High School,Georgia,Private,High,15405.36,51.0,14.3,83.9,41.6,93.9,4.63,6.099999999999994,14.3,62.75,46.37,49.59376876401708,Medium Risk
965,Hernandez High School,New York,Charter,Middle,17893.28,53.5,24.2,29.2,66.5,82.2,3.05,17.799999999999997,24.2,47.85,50.45,48.52320476092215,Medium Risk
966,Brown Elementary School,California,Public,High,21381.93,57.0,14.6,61.7,35.4,92.1,3.23,7.900000000000006,14.6,48.55,53.77,65.66228749569183,Medium Risk
967,Burns Elementary School,Florida,Charter,Elementary,5618.49,40.0,18.4,69.8,30.2,88.5,6.3,11.5,18.4,50.0,33.7,21.55431887403223,High Risk
968,Graham High School,Ohio,Public,High,6988.88,40.0,18.3,13.6,59.3,59.6,4.87,40.4,18.3,36.449999999999996,35.13,15.688294219122449,High Risk
969,Fisher Middle School,Michigan,Private,Middle,8091.47,40.0,21.1,77.7,55.1,59.3,10.09,40.7,21.1,66.4,29.91,8.750768478115376,High Risk
970,Castro High School,Ohio,Charter,Middle,5955.35,44.9,24.6,20.5,70.5,98.6,3.57,1.4000000000000057,24.6,45.5,41.33,29.71275537689015,High Risk
971,Burton Middle School,Texas,Private,Elementary,5473.56,40.0,12.2,92.8,81.9,88.0,7.42,12.0,12.2,87.35,32.58,19.124513184457392,High Risk
972,Flores High School,Ohio,Public,Middle,19512.19,64.3,18.2,28.6,59.6,98.6,0.5,1.4000000000000057,18.2,44.1,63.8,74.45034071403227,Low Risk
973,Hensley Middle School,Florida,Public,Elementary,13311.58,60.6,15.2,29.7,12.8,94.9,0.5,5.099999999999994,15.2,21.25,60.1,66.35035665957028,Medium Risk
974,Warner Middle School,Pennsylvania,Private,Elementary,20784.6,56.7,21.7,27.6,64.4,65.6,6.64,34.400000000000006,21.7,46.0,50.06,50.12040907697035,Medium Risk
975,Armstrong High School,Ohio,Private,High,23530.06,52.6,11.8,74.6,14.3,62.1,4.54,37.9,11.8,44.449999999999996,48.06,53.95066892996318,Medium Risk
976,Campos Middle School,North Carolina,Charter,Elementary,24955.96,55.3,19.4,30.7,9.3,53.7,5.55,46.3,19.4,20.0,49.75,54.52935872859802,Medium Risk
977,Williamson Elementary School,North Carolina,Charter,Middle,8214.13,50.1,12.0,37.3,82.0,78.8,0.87,21.200000000000003,12.0,59.65,49.230000000000004,38.36702937114564,High Risk
978,Lewis Middle School,Illinois,Public,High,15368.29,49.3,21.9,59.6,80.3,99.7,5.11,0.29999999999999716,21.9,69.95,44.19,43.87351013351839,Medium Risk
979,Wallace Middle School,Florida,Charter,Middle,12663.93,40.0,22.1,39.1,50.8,54.8,9.97,45.2,22.1,44.95,30.03,14.93251980213196,High Risk
980,Carr Middle School,Georgia,Private,Elementary,18270.33,46.6,26.4,86.5,65.2,89.7,9.46,10.299999999999997,26.4,75.85,37.14,35.0858035359892,High Risk
981,Love High School,Pennsylvania,Charter,Elementary,8897.71,40.0,29.8,77.3,34.9,71.9,10.86,28.099999999999994,29.8,56.099999999999994,29.14,10.105906264298802,High Risk
982,Harrington Elementary School,Illinois,Charter,High,10501.83,40.0,28.3,50.1,71.7,55.6,9.87,44.4,28.3,60.900000000000006,30.130000000000003,6.955067311925397,High Risk
983,Fisher Elementary School,Texas,Public,Elementary,21767.23,51.9,17.1,61.8,7.3,52.4,7.12,47.6,17.1,34.55,44.78,44.83087730850736,Medium Risk
984,Sloan Elementary School,New York,Charter,High,24978.15,64.2,16.9,83.9,88.2,99.8,4.15,0.20000000000000284,16.9,86.05000000000001,60.050000000000004,74.3817952691734,Low Risk
985,Jones High School,Ohio,Public,Middle,12826.59,40.0,15.6,71.4,71.5,54.1,8.91,45.9,15.6,71.45,31.09,15.444611664224077,High Risk
986,Guerra Elementary School,Pennsylvania,Private,Elementary,7391.47,47.1,18.7,25.1,17.2,73.9,2.65,26.099999999999994,18.7,21.15,44.45,32.6957480651212,High Risk
987,Ramirez High School,Texas,Private,High,18936.17,48.8,19.4,25.7,22.4,61.4,4.6,38.6,19.4,24.049999999999997,44.199999999999996,42.133462269275604,Medium Risk
988,Garrison High School,Ohio,Private,Elementary,22322.2,52.0,29.8,48.5,40.1,72.1,6.31,27.900000000000006,29.8,44.3,45.69,44.10106462979815,Medium Risk
989,Salas High School,California,Public,High,11249.38,40.0,28.1,60.8,47.5,60.5,9.42,39.5,28.1,54.15,30.58,10.774266795915429,High Risk
990,Martinez Middle School,Pennsylvania,Public,Middle,18776.09,40.0,25.5,39.4,89.7,50.9,8.32,49.1,25.5,64.55,31.68,16.721395168320377,High Risk
991,Lewis Elementary School,Michigan,Charter,Middle,24981.81,57.5,22.3,66.7,92.4,76.9,7.67,23.099999999999994,22.3,79.55000000000001,49.83,54.42987701373447,Medium Risk
992,Ortiz Elementary School,Illinois,Charter,Middle,10336.9,41.0,24.2,52.0,84.6,68.3,9.42,31.700000000000003,24.2,68.3,31.58,13.945200716642349,High Risk
993,Rodriguez High School,Georgia,Private,Elementary,23066.08,56.9,21.1,86.8,52.0,73.3,8.46,26.700000000000003,21.1,69.4,48.44,51.970807869759504,Medium Risk
994,Ray Middle School,Illinois,Charter,Elementary,19133.75,66.8,17.6,44.0,7.0,89.0,1.76,11.0,17.6,25.5,65.03999999999999,76.09790983324893,Low Risk
995,Wright Elementary School,Ohio,Public,Middle,7529.05,40.0,25.5,70.0,33.7,62.7,10.21,37.3,25.5,51.85,29.79,8.694767826970265,High Risk
996,Hale High School,Ohio,Charter,Elementary,8775.63,40.9,18.3,12.9,61.0,50.5,6.24,49.5,18.3,36.95,34.66,15.017825586144452,High Risk
997,Herrera Elementary School,Georgia,Public,High,24440.93,71.7,19.2,24.8,49.1,89.3,0.5,10.700000000000003,19.2,36.95,71.2,86.40624523829531,Low Risk
998,Combs High School,New York,Private,Middle,23947.18,56.2,25.2,16.7,51.1,55.8,5.08,44.2,25.2,33.9,51.120000000000005,50.122844698386984,Medium Risk
999,Buckley Elementary School,Illinois,Private,Elementary,6459.87,40.0,17.0,73.6,48.4,64.0,8.22,36.0,17.0,61.0,31.78,12.450590527764476,High Risk
1000,Berg Elementary School,Illinois,Private,Elementary,15471.48,64.3,10.9,31.1,83.9,94.2,2.15,5.799999999999997,10.9,57.5,62.15,69.86754130629578,Medium Risk
